date,평균기온(℃),최저기온(℃),최고기온(℃),강수량(mm),NO2,O3,CO,SO2,PM10,PM25,weekday,month,is_weekend,is_holiday,is_summer_peak,is_event_period
2022-01-01,4.8,-1.0,8.1,0.0,0.0266,0.0197,0.37,0.0042,29.3,19.7,5,1,1,1,0,0
2022-01-02,2.2,-1.4,8.5,0.0,0.0195,0.0222,0.4,0.0021,31.9,24.1,6,1,1,0,0,0
2022-01-03,5.8,2.6,11.4,0.0,0.0216,0.0223,0.62,0.0041,46.5,20.7,0,1,0,0,0,0
2022-01-04,6.2,2.7,12.4,14.4,0.0184,0.0328,0.43,0.0032,30.7,13.2,1,1,0,0,0,0
2022-01-05,0.5,-6.2,5.2,0.0,0.0226,0.0058,0.39,0.0038,35.1,12.1,2,1,0,0,0,0
2022-01-06,1.8,-1.2,7.4,2.7,0.0221,0.0172,0.54,0.0023,56.0,41.0,3,1,0,0,0,0
2022-01-07,4.7,1.0,11.2,0.0,0.0177,0.0232,0.37,0.0044,42.7,25.0,4,1,0,0,0,0
2022-01-08,3.9,0.8,9.4,19.3,0.014,0.0168,0.41,0.0023,35.9,22.1,5,1,1,0,0,0
2022-01-09,4.6,1.1,9.0,2.0,0.0229,0.0219,0.55,0.0041,35.8,13.0,6,1,1,0,0,0
2022-01-10,3.0,-2.5,8.6,0.0,0.0188,0.0229,0.45,0.0028,34.6,19.0,0,1,0,0,0,0
2022-01-11,6.5,2.5,12.2,0.0,0.0087,0.0198,0.33,0.0032,20.4,13.8,1,1,0,0,0,0
2022-01-12,6.3,1.1,13.2,0.0,0.023,0.0244,0.49,0.0052,49.0,25.7,2,1,0,0,0,0
2022-01-13,5.0,-0.4,9.5,15.9,0.0258,0.0279,0.42,0.0046,38.8,26.7,3,1,0,0,0,0
2022-01-14,7.2,0.8,11.9,0.0,0.0352,0.0229,0.57,0.0051,38.9,33.0,4,1,0,0,0,0
2022-01-15,5.9,2.9,12.2,0.0,0.0197,0.0218,0.4,0.0056,39.4,16.9,5,1,1,0,0,0
2022-01-16,3.4,-3.1,8.4,0.0,0.0188,0.0237,0.53,0.0032,47.4,21.0,6,1,1,0,0,0
2022-01-17,5.9,0.4,11.8,37.2,0.0133,0.0248,0.59,0.0055,13.9,3.3,0,1,0,0,0,0
2022-01-18,3.3,-0.3,8.2,0.0,0.0213,0.0146,0.38,0.0025,35.8,27.7,1,1,0,0,0,0
2022-01-19,7.1,1.0,10.9,0.0,0.0212,0.028,0.43,0.0047,31.0,22.3,2,1,0,0,0,0
2022-01-20,5.3,-1.1,11.3,0.0,0.0151,0.0228,0.48,0.0035,57.3,30.8,3,1,0,0,0,0
2022-01-21,5.1,1.1,8.7,0.0,0.019,0.0332,0.38,0.0031,49.4,27.4,4,1,0,0,0,0
2022-01-22,4.2,-2.4,8.0,12.8,0.0101,0.0294,0.47,0.0046,17.3,5.4,5,1,1,0,0,0
2022-01-23,8.1,3.3,13.6,0.0,0.0276,0.0331,0.43,0.0049,28.1,19.9,6,1,1,0,0,0
2022-01-24,5.5,0.1,11.5,20.2,0.0154,0.0202,0.43,0.0049,33.6,16.6,0,1,0,0,0,0
2022-01-25,5.0,-1.9,11.6,0.0,0.0198,0.0243,0.45,0.0042,37.7,19.4,1,1,0,0,0,0
2022-01-26,5.3,0.8,9.4,29.1,0.0114,0.0193,0.46,0.0041,20.0,14.0,2,1,0,0,0,0
2022-01-27,7.2,0.9,10.6,4.8,0.0165,0.0227,0.46,0.0045,58.1,31.0,3,1,0,0,0,0
2022-01-28,6.9,2.7,13.8,0.0,0.0183,0.0347,0.4,0.0043,45.2,23.7,4,1,0,0,0,0
2022-01-29,7.1,0.9,10.7,0.0,0.0219,0.0363,0.41,0.0045,46.7,25.7,5,1,1,0,0,0
2022-01-30,7.3,1.9,11.1,0.0,0.0249,0.0207,0.44,0.0042,36.4,24.0,6,1,1,0,0,0
2022-01-31,10.8,6.9,15.0,0.0,0.0286,0.0251,0.45,0.0048,49.2,35.3,0,1,0,1,0,0
2022-02-01,5.8,1.2,11.0,0.0,0.0244,0.0276,0.41,0.0024,39.4,24.6,1,2,0,1,0,0
2022-02-02,5.7,1.5,12.3,0.0,0.0258,0.0318,0.48,0.0039,40.4,26.2,2,2,0,1,0,0
2022-02-03,5.3,1.9,11.3,0.0,0.0287,0.0179,0.3,0.0026,48.5,25.7,3,2,0,0,0,0
2022-02-04,8.2,5.1,14.1,0.0,0.0234,0.0191,0.39,0.0043,28.5,12.1,4,2,0,0,0,0
2022-02-05,9.4,5.0,13.1,0.0,0.0218,0.0319,0.43,0.0056,57.6,34.9,5,2,1,0,0,0
2022-02-06,7.0,4.0,11.5,0.0,0.0281,0.0175,0.38,0.0035,45.0,25.6,6,2,1,0,0,0
2022-02-07,5.7,2.0,10.6,0.0,0.0264,0.0268,0.58,0.0041,54.9,23.1,0,2,0,0,0,0
2022-02-08,5.9,-0.0,9.5,13.1,0.0239,0.0307,0.45,0.0048,29.2,14.4,1,2,0,0,0,0
2022-02-09,8.9,3.1,13.0,0.0,0.0113,0.0324,0.46,0.0019,35.3,19.0,2,2,0,0,0,0
2022-02-10,9.3,3.3,13.5,0.0,0.015,0.0293,0.41,0.0035,33.2,15.7,3,2,0,0,0,0
2022-02-11,9.0,4.7,12.5,0.0,0.0184,0.0282,0.45,0.0044,46.0,32.7,4,2,0,0,0,0
2022-02-12,6.7,0.2,11.9,0.0,0.0267,0.0357,0.35,0.0011,44.4,26.8,5,2,1,0,0,0
2022-02-13,8.7,3.3,14.5,9.9,0.0219,0.0326,0.44,0.003,36.3,26.8,6,2,1,0,0,0
2022-02-14,8.6,5.1,11.8,0.0,0.0268,0.0273,0.38,0.0051,34.9,20.5,0,2,0,0,0,0
2022-02-15,8.9,5.3,13.8,4.6,0.0279,0.0316,0.43,0.005,31.1,17.5,1,2,0,0,0,0
2022-02-16,10.4,4.6,16.5,0.0,0.0272,0.034,0.25,0.0044,43.7,19.4,2,2,0,0,0,0
2022-02-17,9.2,5.5,15.2,0.0,0.0272,0.0422,0.36,0.0049,40.0,22.1,3,2,0,0,0,0
2022-02-18,10.3,5.2,16.5,0.0,0.0138,0.0369,0.57,0.0042,38.1,21.0,4,2,0,0,0,0
2022-02-19,9.2,2.2,14.0,0.0,0.0249,0.0397,0.52,0.0046,58.3,25.2,5,2,1,0,0,0
2022-02-20,9.8,6.8,16.1,0.0,0.0184,0.029,0.56,0.0037,43.7,21.3,6,2,1,0,0,0
2022-02-21,10.6,7.6,14.6,0.0,0.0101,0.0298,0.56,0.0041,55.9,29.1,0,2,0,0,0,0
2022-02-22,6.6,-0.4,11.0,0.0,0.0183,0.0318,0.5,0.0034,39.7,23.9,1,2,0,0,0,0
2022-02-23,9.0,3.7,12.7,0.0,0.0279,0.0326,0.41,0.0053,46.8,28.0,2,2,0,0,0,0
2022-02-24,8.9,5.4,13.8,0.0,0.0228,0.0277,0.37,0.0055,44.1,21.3,3,2,0,0,0,0
2022-02-25,8.7,2.1,13.3,4.7,0.0321,0.0416,0.54,0.0054,27.7,17.6,4,2,0,0,0,0
2022-02-26,9.6,3.1,13.6,0.0,0.0231,0.0395,0.46,0.0036,57.6,30.8,5,2,1,0,0,0
2022-02-27,13.3,8.1,19.3,7.4,0.0367,0.0326,0.65,0.003,40.9,8.1,6,2,1,0,0,0
2022-02-28,8.7,3.2,13.0,0.0,0.0211,0.0386,0.42,0.0053,51.5,25.9,0,2,0,0,0,0
2022-03-01,12.6,8.5,16.7,0.0,0.0201,0.0363,0.61,0.0045,38.0,26.3,1,3,0,1,0,0
2022-03-02,7.4,4.2,10.9,0.0,0.0123,0.0396,0.44,0.0043,43.4,15.5,2,3,0,0,0,0
2022-03-03,10.3,4.9,15.0,23.0,0.0267,0.0275,0.56,0.0034,29.0,16.5,3,3,0,0,0,0
2022-03-04,11.4,7.3,15.7,0.0,0.017,0.0349,0.59,0.0044,56.0,38.7,4,3,0,0,0,0
2022-03-05,12.5,6.8,16.9,0.0,0.0181,0.0357,0.37,0.0029,47.7,22.4,5,3,1,0,0,0
2022-03-06,12.9,6.5,16.8,11.2,0.0297,0.04,0.41,0.0046,44.3,24.4,6,3,1,0,0,0
2022-03-07,13.2,10.1,19.3,5.8,0.0269,0.0328,0.37,0.0054,55.2,23.8,0,3,0,0,0,0
2022-03-08,11.1,5.7,17.8,0.0,0.0268,0.0218,0.35,0.0056,55.4,38.6,1,3,0,0,0,0
2022-03-09,11.0,7.1,16.0,0.0,0.0178,0.0306,0.5,0.0047,51.9,28.1,2,3,0,0,0,0
2022-03-10,13.8,7.3,19.4,4.7,0.0197,0.0369,0.43,0.0026,30.6,17.1,3,3,0,0,0,0
2022-03-11,11.9,7.9,18.4,0.0,0.0196,0.038,0.45,0.0042,38.7,28.1,4,3,0,0,0,0
2022-03-12,9.9,4.5,16.9,0.0,0.0267,0.0479,0.49,0.0061,36.0,23.1,5,3,1,0,0,0
2022-03-13,10.4,5.1,15.8,0.0,0.0313,0.0416,0.3,0.0031,51.5,23.9,6,3,1,0,0,0
2022-03-14,11.0,6.4,17.5,0.0,0.0222,0.0388,0.55,0.0039,46.5,22.3,0,3,0,0,0,0
2022-03-15,14.0,8.3,20.6,0.0,0.0318,0.0384,0.42,0.0054,32.5,20.3,1,3,0,0,0,0
2022-03-16,13.4,7.5,19.6,0.0,0.0254,0.0455,0.49,0.0046,43.3,20.7,2,3,0,0,0,0
2022-03-17,14.7,9.4,19.5,9.3,0.0186,0.0355,0.5,0.0065,28.3,5.0,3,3,0,0,0,0
2022-03-18,12.6,6.6,16.0,0.0,0.025,0.0385,0.56,0.0033,44.5,24.2,4,3,0,0,0,0
2022-03-19,14.0,7.0,17.0,9.1,0.0322,0.033,0.44,0.003,26.8,7.3,5,3,1,0,0,0
2022-03-20,15.1,10.4,20.0,6.3,0.034,0.0483,0.28,0.0052,47.5,34.2,6,3,1,0,0,0
2022-03-21,13.4,8.3,18.4,0.0,0.0271,0.0424,0.45,0.0028,48.3,27.4,0,3,0,0,0,0
2022-03-22,15.1,12.0,19.7,0.0,0.0202,0.0361,0.47,0.0038,62.0,29.6,1,3,0,0,0,0
2022-03-23,13.0,6.8,18.3,0.0,0.0187,0.0399,0.37,0.0039,52.5,25.4,2,3,0,0,0,0
2022-03-24,13.8,8.7,19.0,0.0,0.0235,0.0438,0.46,0.005,41.0,13.1,3,3,0,0,0,0
2022-03-25,13.9,9.3,20.3,0.0,0.03,0.0395,0.42,0.0046,52.1,23.2,4,3,0,0,0,0
2022-03-26,12.5,9.1,15.9,0.0,0.0246,0.0381,0.34,0.0045,32.1,22.7,5,3,1,0,0,0
2022-03-27,16.0,9.4,19.9,0.0,0.0247,0.0376,0.5,0.0036,36.0,31.0,6,3,1,0,0,0
2022-03-28,14.3,9.7,20.4,0.0,0.0203,0.0438,0.4,0.0052,47.6,29.8,0,3,0,0,0,0
2022-03-29,15.4,9.7,21.8,0.0,0.018,0.0398,0.42,0.008,25.2,13.4,1,3,0,0,0,0
2022-03-30,16.5,12.9,23.5,0.0,0.019,0.0395,0.41,0.0047,44.2,22.2,2,3,0,0,0,0
2022-03-31,16.6,9.8,23.1,0.0,0.0208,0.0344,0.55,0.0041,35.3,14.6,3,3,0,0,0,0
2022-04-01,17.2,13.5,23.8,0.0,0.0303,0.0431,0.45,0.0027,45.3,35.2,4,4,0,0,0,0
2022-04-02,15.9,12.1,20.1,4.3,0.0206,0.0418,0.46,0.0034,33.2,17.3,5,4,1,0,0,0
2022-04-03,15.4,8.9,20.0,0.0,0.0223,0.0411,0.41,0.0038,48.1,37.0,6,4,1,0,0,0
2022-04-04,16.2,9.6,20.3,18.8,0.0148,0.0445,0.49,0.0035,37.8,27.8,0,4,0,0,0,0
2022-04-05,13.2,9.3,18.6,0.0,0.0243,0.048,0.56,0.004,56.8,22.5,1,4,0,0,0,0
2022-04-06,13.8,8.9,20.6,0.0,0.0282,0.0479,0.5,0.0058,44.2,21.0,2,4,0,0,0,0
2022-04-07,14.2,8.3,18.6,22.8,0.0297,0.0472,0.5,0.0052,29.1,12.7,3,4,0,0,0,0
2022-04-08,15.1,8.5,20.3,0.0,0.0212,0.0427,0.5,0.0038,41.7,22.5,4,4,0,0,0,0
2022-04-09,18.0,13.5,22.2,0.0,0.0254,0.0409,0.34,0.0028,31.8,17.2,5,4,1,0,0,0
2022-04-10,15.6,10.5,19.2,0.0,0.0211,0.0383,0.38,0.0053,47.5,41.1,6,4,1,0,0,0
2022-04-11,16.8,10.8,20.6,4.0,0.0232,0.0412,0.43,0.004,47.6,20.8,0,4,0,0,0,0
2022-04-12,20.3,14.4,23.5,21.6,0.0219,0.045,0.39,0.0023,58.3,33.2,1,4,0,0,0,0
2022-04-13,17.1,11.0,23.9,0.0,0.0203,0.0404,0.36,0.0047,37.9,23.9,2,4,0,0,0,0
2022-04-14,19.5,14.2,24.1,4.6,0.0208,0.0459,0.3,0.005,39.4,21.7,3,4,0,0,0,0
2022-04-15,16.3,12.9,22.6,5.3,0.0227,0.0397,0.34,0.0016,36.3,20.5,4,4,0,0,0,0
2022-04-16,17.9,11.3,23.6,0.0,0.0202,0.0357,0.43,0.0032,45.2,19.6,5,4,1,0,0,0
2022-04-17,16.6,10.1,20.3,6.1,0.0205,0.0508,0.44,0.0039,44.5,25.0,6,4,1,0,0,0
2022-04-18,18.0,11.8,21.7,22.9,0.0302,0.0432,0.39,0.0047,34.6,21.6,0,4,0,0,0,0
2022-04-19,20.5,17.1,26.7,0.0,0.0363,0.0412,0.46,0.0035,52.7,30.6,1,4,0,0,0,0
2022-04-20,15.5,11.7,19.5,0.0,0.0128,0.0398,0.42,0.0032,37.3,23.4,2,4,0,0,0,0
2022-04-21,20.0,14.0,26.6,0.0,0.0124,0.0491,0.54,0.0047,51.6,35.4,3,4,0,0,0,0
2022-04-22,19.7,16.6,23.3,0.0,0.0143,0.055,0.44,0.0035,47.5,30.8,4,4,0,0,0,0
2022-04-23,18.2,11.3,23.9,0.0,0.0214,0.0444,0.51,0.0045,42.4,23.7,5,4,1,0,0,0
2022-04-24,16.6,12.1,22.9,18.5,0.0274,0.0457,0.47,0.0029,33.1,12.3,6,4,1,0,0,0
2022-04-25,19.8,13.9,23.8,0.0,0.0235,0.0536,0.34,0.0026,64.1,32.3,0,4,0,0,0,0
2022-04-26,18.7,12.2,22.9,0.0,0.021,0.0365,0.44,0.0048,34.8,18.0,1,4,0,0,0,0
2022-04-27,20.4,15.8,27.3,0.0,0.0232,0.0593,0.35,0.0043,44.7,25.8,2,4,0,0,0,0
2022-04-28,20.1,15.9,24.2,0.0,0.0158,0.0623,0.44,0.0049,35.2,17.0,3,4,0,0,0,0
2022-04-29,23.4,18.0,28.1,0.0,0.0185,0.0315,0.39,0.0035,57.9,27.2,4,4,0,0,0,0
2022-04-30,19.9,14.6,24.6,14.3,0.0219,0.0473,0.48,0.0032,44.7,18.6,5,4,1,0,0,0
2022-05-01,18.4,13.8,22.5,13.8,0.0125,0.0437,0.34,0.0054,30.6,8.6,6,5,1,0,0,0
2022-05-02,21.0,15.6,27.1,5.2,0.013,0.0465,0.45,0.0025,44.2,23.1,0,5,0,0,0,0
2022-05-03,21.2,14.4,27.3,0.0,0.0133,0.0458,0.5,0.0053,43.6,16.6,1,5,0,0,0,0
2022-05-04,23.6,18.7,28.1,0.0,0.0246,0.0533,0.52,0.0053,36.5,15.1,2,5,0,0,0,0
2022-05-05,22.7,18.9,29.0,0.0,0.0215,0.0478,0.39,0.0049,47.8,24.3,3,5,0,1,0,0
2022-05-06,21.8,17.3,25.7,40.3,0.0237,0.0431,0.45,0.0033,30.3,10.0,4,5,0,0,0,0
2022-05-07,24.2,19.6,27.2,0.0,0.011,0.0477,0.46,0.0032,42.7,25.4,5,5,1,0,0,0
2022-05-08,19.0,15.5,24.3,0.0,0.0131,0.0519,0.57,0.0038,40.2,25.8,6,5,1,0,0,0
2022-05-09,20.2,16.5,27.2,13.9,0.024,0.0418,0.33,0.0027,39.5,19.0,0,5,0,0,0,0
2022-05-10,19.7,14.0,22.9,9.1,0.0033,0.0391,0.38,0.003,39.2,19.4,1,5,0,0,0,0
2022-05-11,20.9,16.6,24.7,12.4,0.0273,0.0611,0.67,0.0046,36.4,22.7,2,5,0,0,0,0
2022-05-12,19.0,12.2,24.1,0.0,0.0091,0.0453,0.43,0.0046,34.2,15.2,3,5,0,0,0,0
2022-05-13,23.2,19.2,29.4,9.0,0.0251,0.0484,0.3,0.003,52.0,24.7,4,5,0,0,0,0
2022-05-14,21.6,18.2,24.9,0.0,0.0167,0.047,0.4,0.0047,30.3,22.6,5,5,1,0,0,0
2022-05-15,19.2,13.2,23.8,0.0,0.0283,0.0527,0.23,0.0045,43.4,28.3,6,5,1,0,0,0
2022-05-16,20.2,13.7,26.2,0.0,0.0392,0.0601,0.47,0.0055,36.5,23.1,0,5,0,0,0,0
2022-05-17,22.9,18.8,27.4,0.0,0.0064,0.053,0.51,0.0046,55.1,34.9,1,5,0,0,0,0
2022-05-18,24.1,20.3,27.8,0.0,0.0242,0.0405,0.38,0.0051,31.0,7.2,2,5,0,0,0,0
2022-05-19,26.5,22.7,30.3,0.0,0.0092,0.0414,0.41,0.0045,32.3,24.5,3,5,0,0,0,0
2022-05-20,28.4,23.3,33.1,5.5,0.0226,0.0473,0.52,0.005,28.1,17.4,4,5,0,0,0,0
2022-05-21,23.5,18.6,28.4,0.0,0.0208,0.0482,0.31,0.0027,41.5,27.9,5,5,1,0,0,0
2022-05-22,20.8,16.7,27.2,17.7,0.0228,0.0395,0.34,0.0039,19.9,12.9,6,5,1,0,0,0
2022-05-23,18.6,15.4,24.1,0.0,0.0145,0.0548,0.43,0.004,34.0,18.9,0,5,0,0,0,0
2022-05-24,23.5,18.5,29.2,0.0,0.0247,0.0434,0.39,0.0038,18.8,9.0,1,5,0,0,0,0
2022-05-25,21.4,14.5,28.3,0.0,0.0113,0.0589,0.43,0.0044,40.1,23.9,2,5,0,0,0,0
2022-05-26,22.2,16.6,26.9,0.0,0.0274,0.0609,0.35,0.0046,33.3,16.8,3,5,0,0,0,0
2022-05-27,21.9,16.9,26.5,1.7,0.0175,0.0485,0.47,0.0044,23.6,17.3,4,5,0,0,0,0
2022-05-28,22.9,19.5,29.6,0.0,0.0136,0.0526,0.44,0.0038,47.2,18.0,5,5,1,0,0,0
2022-05-29,25.4,21.4,29.4,0.0,0.0316,0.0426,0.49,0.0033,25.5,11.3,6,5,1,0,0,0
2022-05-30,23.7,19.5,29.6,0.0,0.0196,0.0537,0.47,0.0051,44.3,34.6,0,5,0,0,0,0
2022-05-31,23.1,17.0,29.1,0.0,0.0314,0.047,0.47,0.0043,30.7,13.8,1,5,0,0,0,0
2022-06-01,21.4,14.9,24.8,0.0,0.0273,0.0435,0.33,0.003,51.2,27.0,2,6,0,0,0,0
2022-06-02,20.2,13.6,25.0,0.0,0.0152,0.0483,0.49,0.0038,43.4,19.5,3,6,0,0,0,0
2022-06-03,22.6,15.7,26.4,23.0,0.0195,0.0472,0.42,0.0023,19.3,12.3,4,6,0,0,0,0
2022-06-04,23.5,16.6,27.2,0.0,0.0227,0.048,0.44,0.004,28.0,11.7,5,6,1,0,0,0
2022-06-05,27.2,20.4,32.0,6.8,0.0312,0.0556,0.53,0.0038,39.2,20.6,6,6,1,0,0,0
2022-06-06,24.0,20.7,28.1,0.0,0.0226,0.0452,0.39,0.0034,33.6,22.7,0,6,0,1,0,0
2022-06-07,25.7,22.2,31.9,0.0,0.0211,0.0603,0.56,0.0056,34.2,15.3,1,6,0,0,0,0
2022-06-08,22.8,18.6,29.4,7.3,0.0188,0.0419,0.57,0.0028,44.5,28.4,2,6,0,0,0,0
2022-06-09,21.4,16.2,27.7,0.0,0.0197,0.0595,0.51,0.0047,28.7,19.9,3,6,0,0,0,0
2022-06-10,21.9,18.5,26.0,0.0,0.0278,0.0437,0.37,0.0062,36.1,25.1,4,6,0,0,0,0
2022-06-11,22.4,16.0,26.5,9.6,0.022,0.0497,0.28,0.0051,40.3,22.9,5,6,1,0,0,0
2022-06-12,28.2,22.7,32.2,3.4,0.0196,0.0468,0.54,0.004,41.0,38.8,6,6,1,0,0,0
2022-06-13,22.3,17.1,25.8,14.9,0.0166,0.0476,0.46,0.0029,28.1,20.7,0,6,0,0,0,0
2022-06-14,25.6,22.0,32.4,25.4,0.0167,0.0544,0.39,0.0026,23.1,14.3,1,6,0,0,0,0
2022-06-15,22.2,18.1,26.8,0.0,0.0116,0.0585,0.54,0.0036,18.7,5.9,2,6,0,0,0,0
2022-06-16,25.8,22.2,29.7,0.0,0.0155,0.0566,0.38,0.0033,24.7,13.1,3,6,0,0,0,0
2022-06-17,24.8,18.3,31.1,0.9,0.029,0.047,0.42,0.0033,36.6,27.3,4,6,0,0,0,0
2022-06-18,23.7,18.3,28.3,0.0,0.0208,0.0504,0.49,0.0037,32.6,26.5,5,6,1,0,0,0
2022-06-19,23.9,18.0,27.1,9.6,0.0262,0.0445,0.36,0.0039,31.0,24.4,6,6,1,0,0,0
2022-06-20,22.7,18.5,26.3,0.0,0.0051,0.0432,0.44,0.0045,42.9,27.5,0,6,0,0,0,0
2022-06-21,24.9,20.4,30.4,0.0,0.0234,0.0422,0.54,0.0028,22.7,6.2,1,6,0,0,0,0
2022-06-22,23.1,18.5,29.2,0.0,0.019,0.0463,0.47,0.0033,31.1,19.5,2,6,0,0,0,0
2022-06-23,21.5,15.5,25.4,20.2,0.0171,0.0504,0.55,0.0038,27.7,9.0,3,6,0,0,0,0
2022-06-24,21.4,15.3,28.1,0.0,0.0211,0.0373,0.54,0.0038,26.5,7.1,4,6,0,0,0,0
2022-06-25,24.3,20.5,30.7,0.0,0.019,0.0484,0.45,0.0058,45.6,26.3,5,6,1,0,0,0
2022-06-26,27.1,20.3,33.5,2.9,0.0093,0.0576,0.26,0.0042,39.7,24.5,6,6,1,0,0,0
2022-06-27,24.3,20.8,28.2,4.2,0.0255,0.0552,0.36,0.0024,33.5,22.9,0,6,0,0,0,0
2022-06-28,23.7,17.1,26.9,12.6,0.0215,0.0448,0.51,0.0044,43.9,26.6,1,6,0,0,0,0
2022-06-29,24.5,21.1,30.9,0.0,0.0181,0.0398,0.33,0.0045,18.5,12.8,2,6,0,0,0,0
2022-06-30,26.5,22.4,30.7,0.0,0.0142,0.0508,0.42,0.0039,31.8,12.6,3,6,0,0,0,0
2022-07-01,24.3,17.9,29.7,0.0,0.0112,0.034,0.48,0.0028,35.0,18.7,4,7,0,0,1,0
2022-07-02,23.0,19.3,29.0,0.0,0.0233,0.0545,0.57,0.0058,23.3,5.3,5,7,1,0,1,0
2022-07-03,26.0,21.3,29.5,0.0,0.0317,0.0464,0.4,0.0029,34.1,8.7,6,7,1,0,1,0
2022-07-04,24.6,19.8,30.7,0.0,0.0212,0.0585,0.4,0.0047,21.3,15.4,0,7,0,0,1,0
2022-07-05,26.8,22.8,33.5,33.3,0.0117,0.037,0.45,0.0042,25.6,10.3,1,7,0,0,1,0
2022-07-06,24.0,18.2,29.9,0.0,0.0214,0.0528,0.48,0.0046,40.4,26.6,2,7,0,0,1,0
2022-07-07,21.1,14.7,25.9,0.0,0.0197,0.0465,0.44,0.0057,33.2,23.8,3,7,0,0,1,0
2022-07-08,20.8,14.3,27.3,0.0,0.0252,0.045,0.53,0.0046,13.9,4.5,4,7,0,0,1,0
2022-07-09,26.8,22.4,31.9,0.0,0.0256,0.0386,0.39,0.0034,21.7,14.9,5,7,1,0,1,0
2022-07-10,26.9,21.8,32.9,0.0,0.0041,0.0502,0.46,0.0051,35.4,16.2,6,7,1,0,1,0
2022-07-11,23.0,19.0,29.3,0.0,0.0233,0.0505,0.49,0.0034,30.3,7.4,0,7,0,0,1,0
2022-07-12,22.5,18.6,28.5,0.0,0.014,0.057,0.42,0.0042,5.7,3.8,1,7,0,0,1,0
2022-07-13,26.2,22.5,30.3,0.0,0.0115,0.0522,0.52,0.0027,41.0,20.2,2,7,0,0,1,0
2022-07-14,21.0,14.2,24.4,0.0,0.0189,0.0424,0.46,0.003,30.9,14.8,3,7,0,0,1,0
2022-07-15,21.3,14.8,25.3,0.5,0.0225,0.0397,0.51,0.0041,22.0,22.0,4,7,0,0,1,0
2022-07-16,24.3,18.2,29.3,6.9,0.0122,0.0374,0.47,0.0044,35.9,12.1,5,7,1,0,1,0
2022-07-17,22.2,17.1,27.2,0.0,0.0262,0.0542,0.48,0.0023,23.2,14.7,6,7,1,0,1,0
2022-07-18,22.9,17.9,28.2,27.0,0.0246,0.0405,0.4,0.0045,13.5,3.0,0,7,0,0,1,0
2022-07-19,22.5,17.4,27.1,0.0,0.0203,0.0539,0.4,0.0032,32.2,22.3,1,7,0,0,1,0
2022-07-20,23.4,18.2,29.5,23.2,0.0148,0.048,0.55,0.0053,36.8,21.7,2,7,0,0,1,0
2022-07-21,25.4,20.7,32.1,3.4,0.0141,0.0466,0.5,0.0036,42.1,25.1,3,7,0,0,1,0
2022-07-22,22.7,19.2,26.7,0.0,0.0262,0.0426,0.37,0.0029,31.8,12.8,4,7,0,0,1,0
2022-07-23,23.7,20.2,29.7,16.0,0.0129,0.0482,0.46,0.0041,27.0,11.0,5,7,1,0,1,0
2022-07-24,18.3,11.4,24.0,0.0,0.0284,0.0439,0.26,0.0031,35.4,24.1,6,7,1,0,1,0
2022-07-25,22.2,17.2,27.3,0.0,0.019,0.0416,0.4,0.0053,16.9,18.1,0,7,0,0,1,0
2022-07-26,20.5,13.7,24.2,11.6,0.0194,0.0478,0.53,0.004,29.8,18.8,1,7,0,0,1,0
2022-07-27,19.6,16.0,25.8,0.0,0.0098,0.0425,0.44,0.0038,21.3,7.2,2,7,0,0,1,0
2022-07-28,20.2,15.0,27.0,0.0,0.0191,0.0384,0.46,0.0046,30.7,18.6,3,7,0,0,1,0
2022-07-29,21.2,17.4,27.1,0.0,0.0237,0.0466,0.21,0.003,25.7,26.3,4,7,0,0,1,0
2022-07-30,23.6,19.6,30.3,0.0,0.014,0.0424,0.42,0.0027,32.1,18.2,5,7,1,0,1,0
2022-07-31,19.0,15.9,25.9,0.0,0.025,0.0455,0.48,0.0044,28.5,23.0,6,7,1,0,1,0
2022-08-01,21.6,18.1,26.0,0.0,0.0205,0.0396,0.49,0.0029,5.0,3.0,0,8,0,0,1,0
2022-08-02,20.4,13.8,26.0,0.0,0.0161,0.0348,0.53,0.0029,28.9,15.7,1,8,0,0,1,0
2022-08-03,20.6,16.4,25.5,0.0,0.0251,0.0522,0.43,0.0048,32.9,21.2,2,8,0,0,1,0
2022-08-04,23.2,17.7,30.1,0.0,0.0068,0.0509,0.44,0.0045,31.1,19.1,3,8,0,0,1,0
2022-08-05,22.1,17.3,25.5,0.0,0.0221,0.0467,0.34,0.0027,26.0,10.5,4,8,0,0,1,0
2022-08-06,23.6,19.0,28.3,0.0,0.0317,0.0388,0.43,0.0034,41.6,18.8,5,8,1,0,1,0
2022-08-07,20.5,15.4,27.0,0.0,0.0306,0.0391,0.35,0.0031,29.5,21.2,6,8,1,0,1,0
2022-08-08,19.3,15.5,23.4,0.0,0.0223,0.049,0.3,0.0058,30.6,22.8,0,8,0,0,1,0
2022-08-09,20.1,13.1,26.3,0.0,0.0182,0.0383,0.36,0.0049,35.9,27.3,1,8,0,0,1,0
2022-08-10,20.9,14.6,25.4,9.8,0.0162,0.0364,0.57,0.0036,26.3,23.5,2,8,0,0,1,0
2022-08-11,20.6,14.7,27.6,7.0,0.0182,0.0512,0.43,0.0046,15.8,9.4,3,8,0,0,1,0
2022-08-12,18.0,13.1,24.5,0.0,0.0233,0.0394,0.47,0.0026,5.0,3.0,4,8,0,0,1,0
2022-08-13,20.2,16.6,24.4,0.0,0.0172,0.0501,0.41,0.0033,21.9,18.8,5,8,1,0,1,0
2022-08-14,20.3,13.7,26.4,0.0,0.0265,0.0308,0.31,0.0041,33.0,21.7,6,8,1,0,1,0
2022-08-15,24.8,20.4,29.1,18.7,0.0328,0.0421,0.52,0.0045,16.3,4.1,0,8,0,1,1,0
2022-08-16,23.3,20.1,28.8,0.0,0.0196,0.0511,0.28,0.0039,33.2,13.1,1,8,0,0,1,0
2022-08-17,17.7,13.4,23.4,0.0,0.0119,0.0386,0.41,0.0042,27.2,17.4,2,8,0,0,1,0
2022-08-18,18.7,12.6,25.1,0.0,0.0119,0.0366,0.45,0.0041,37.4,19.7,3,8,0,0,1,0
2022-08-19,16.2,10.7,19.3,0.0,0.0247,0.0309,0.47,0.0038,23.1,12.6,4,8,0,0,1,0
2022-08-20,17.8,11.8,21.7,0.0,0.0216,0.0442,0.39,0.0037,29.9,21.8,5,8,1,0,1,0
2022-08-21,19.5,13.3,25.3,0.0,0.0273,0.0328,0.3,0.0036,30.2,20.4,6,8,1,0,1,0
2022-08-22,21.1,17.3,26.4,0.0,0.0168,0.0366,0.39,0.0042,39.1,28.2,0,8,0,0,1,0
2022-08-23,17.1,10.4,22.1,0.0,0.025,0.0295,0.39,0.0044,10.2,3.0,1,8,0,0,1,0
2022-08-24,17.1,12.3,20.3,0.0,0.0191,0.046,0.39,0.0042,21.3,13.0,2,8,0,0,1,0
2022-08-25,14.0,8.4,18.3,0.0,0.0156,0.0433,0.53,0.0028,33.0,21.6,3,8,0,0,1,0
2022-08-26,17.8,14.8,24.2,12.2,0.0176,0.036,0.35,0.003,35.0,11.6,4,8,0,0,1,0
2022-08-27,15.8,8.8,18.9,15.2,0.0148,0.029,0.47,0.0044,22.2,8.9,5,8,1,0,1,0
2022-08-28,16.7,12.6,21.3,0.0,0.0339,0.0449,0.46,0.0055,22.6,8.2,6,8,1,0,1,0
2022-08-29,15.9,12.6,22.6,0.0,0.0194,0.0332,0.53,0.0042,32.1,17.8,0,8,0,0,1,0
2022-08-30,17.3,12.4,20.5,0.0,0.0239,0.0285,0.44,0.0036,33.0,26.3,1,8,0,0,1,0
2022-08-31,13.8,10.3,19.8,1.8,0.0168,0.0243,0.51,0.0042,21.3,21.8,2,8,0,0,1,0
2022-09-01,14.2,10.6,18.2,0.0,0.0137,0.0307,0.44,0.0029,28.1,11.4,3,9,0,0,0,0
2022-09-02,21.2,15.7,27.7,16.9,0.0186,0.0256,0.48,0.0053,29.8,19.0,4,9,0,0,0,0
2022-09-03,14.2,9.7,20.2,0.0,0.0286,0.0304,0.33,0.0042,42.1,25.9,5,9,1,0,0,0
2022-09-04,14.4,7.8,21.0,0.0,0.0189,0.0383,0.24,0.0033,31.8,19.4,6,9,1,0,0,0
2022-09-05,20.1,15.9,24.0,0.0,0.0148,0.0313,0.48,0.0038,25.4,16.0,0,9,0,0,0,0
2022-09-06,22.1,16.2,27.2,0.0,0.0209,0.0355,0.48,0.0035,24.5,15.0,1,9,0,0,0,0
2022-09-07,13.8,8.9,19.9,0.0,0.023,0.0287,0.49,0.0053,30.0,24.9,2,9,0,0,0,0
2022-09-08,15.2,9.6,19.2,0.0,0.0299,0.0332,0.41,0.0038,24.0,18.7,3,9,0,0,0,0
2022-09-09,16.5,11.1,20.4,0.0,0.0221,0.0441,0.57,0.0042,26.7,9.4,4,9,0,1,0,0
2022-09-10,19.1,14.2,22.2,0.0,0.0259,0.0302,0.41,0.0046,15.5,12.5,5,9,1,1,0,0
2022-09-11,13.5,6.7,20.3,0.0,0.0263,0.0344,0.48,0.0033,36.7,24.6,6,9,1,1,0,0
2022-09-12,14.8,10.4,20.6,0.0,0.0131,0.0224,0.5,0.0042,14.7,9.7,0,9,0,0,0,0
2022-09-13,16.7,13.0,22.2,14.2,0.0142,0.0407,0.59,0.0043,16.1,14.5,1,9,0,0,0,0
2022-09-14,15.8,10.1,21.8,5.0,0.0135,0.0284,0.42,0.0024,24.1,14.2,2,9,0,0,0,0
2022-09-15,14.0,7.6,19.1,1.7,0.012,0.0373,0.4,0.0043,42.4,24.3,3,9,0,0,0,0
2022-09-16,14.3,11.2,19.2,0.0,0.0248,0.0301,0.33,0.004,21.2,12.3,4,9,0,0,0,0
2022-09-17,11.7,6.9,16.5,0.0,0.0237,0.0342,0.57,0.0041,19.1,3.0,5,9,1,0,0,0
2022-09-18,13.8,7.2,19.3,0.0,0.0225,0.0343,0.48,0.004,20.1,10.7,6,9,1,0,0,0
2022-09-19,13.6,7.6,17.4,1.6,0.0044,0.0273,0.49,0.0043,39.5,18.4,0,9,0,0,0,0
2022-09-20,14.4,7.4,20.9,0.4,0.0323,0.0364,0.7,0.0053,5.0,3.0,1,9,0,0,0,0
2022-09-21,12.6,7.5,18.9,0.0,0.0146,0.025,0.48,0.0028,16.1,16.0,2,9,0,0,0,0
2022-09-22,14.5,8.9,18.9,0.0,0.0323,0.034,0.35,0.0037,49.8,29.9,3,9,0,0,0,0
2022-09-23,15.4,11.2,20.7,0.0,0.0113,0.0268,0.43,0.0047,30.5,16.6,4,9,0,0,0,0
2022-09-24,13.5,6.7,17.1,0.0,0.0171,0.031,0.37,0.0045,15.3,5.6,5,9,1,0,0,0
2022-09-25,13.8,9.3,20.6,0.0,0.0088,0.0259,0.42,0.0045,24.9,15.2,6,9,1,0,0,0
2022-09-26,13.0,7.0,19.6,23.1,0.0222,0.0287,0.42,0.0068,17.9,14.8,0,9,0,0,0,0
2022-09-27,12.7,8.1,19.4,0.0,0.0134,0.0217,0.4,0.0046,33.0,14.0,1,9,0,0,0,0
2022-09-28,11.1,5.9,15.4,0.0,0.0136,0.0294,0.34,0.0051,42.0,23.1,2,9,0,0,0,0
2022-09-29,13.0,7.1,16.7,0.0,0.0118,0.028,0.58,0.0037,29.0,20.3,3,9,0,0,0,0
2022-09-30,12.0,7.0,15.9,2.4,0.0247,0.0242,0.47,0.003,19.8,3.0,4,9,0,0,0,0
2022-10-01,16.2,9.6,19.6,0.0,0.0263,0.0269,0.43,0.0037,32.7,17.7,5,10,1,0,0,1
2022-10-02,15.0,10.3,18.5,0.0,0.0329,0.0278,0.51,0.0047,19.4,8.5,6,10,1,0,0,1
2022-10-03,12.5,6.9,15.8,0.0,0.0159,0.0231,0.49,0.0044,16.4,8.4,0,10,0,1,0,1
2022-10-04,10.0,5.6,17.0,0.0,0.0213,0.0258,0.47,0.0044,10.0,3.0,1,10,0,0,0,1
2022-10-05,9.1,4.5,12.4,23.7,0.0123,0.0204,0.5,0.0038,5.0,3.4,2,10,0,0,0,1
2022-10-06,13.6,8.8,17.1,0.0,0.018,0.0403,0.46,0.0036,17.9,19.5,3,10,0,0,0,1
2022-10-07,11.6,8.1,17.9,0.0,0.0169,0.0323,0.5,0.0038,15.4,6.9,4,10,0,0,0,1
2022-10-08,11.8,8.5,17.2,1.5,0.0248,0.0274,0.51,0.0047,28.4,17.1,5,10,1,0,0,1
2022-10-09,7.2,1.5,13.3,0.0,0.0281,0.0326,0.46,0.0048,15.4,18.4,6,10,1,1,0,1
2022-10-10,12.4,6.8,17.9,0.0,0.0259,0.0135,0.43,0.003,5.0,3.0,0,10,0,0,0,1
2022-10-11,11.3,5.6,17.8,0.0,0.0149,0.0098,0.57,0.0048,16.9,18.4,1,10,0,0,0,1
2022-10-12,8.0,4.9,13.6,8.2,0.026,0.0226,0.41,0.0033,19.3,10.6,2,10,0,0,0,1
2022-10-13,9.1,4.8,14.2,11.1,0.0197,0.0165,0.48,0.0045,17.2,18.4,3,10,0,0,0,1
2022-10-14,10.4,6.6,16.3,0.0,0.0181,0.0232,0.48,0.0038,40.3,25.9,4,10,0,0,0,1
2022-10-15,9.9,3.7,14.6,0.0,0.0177,0.0257,0.4,0.0056,21.2,13.2,5,10,1,0,0,1
2022-10-16,9.0,2.6,13.4,0.0,0.0186,0.0298,0.39,0.0036,34.7,18.8,6,10,1,0,0,0
2022-10-17,9.2,5.2,14.1,0.0,0.0305,0.0172,0.42,0.0042,26.7,11.6,0,10,0,0,0,0
2022-10-18,8.8,3.1,12.5,0.0,0.0218,0.0263,0.41,0.0046,26.6,15.0,1,10,0,0,0,0
2022-10-19,9.4,5.9,15.6,0.0,0.021,0.0238,0.33,0.0031,19.6,15.3,2,10,0,0,0,0
2022-10-20,11.9,7.8,16.0,2.3,0.0184,0.0256,0.4,0.0039,25.9,14.2,3,10,0,0,0,0
2022-10-21,3.7,0.2,7.3,0.5,0.0347,0.0203,0.47,0.0037,20.2,9.5,4,10,0,0,0,0
2022-10-22,8.2,4.1,12.2,24.2,0.0298,0.0315,0.55,0.0035,20.5,10.0,5,10,1,0,0,0
2022-10-23,8.9,3.2,15.3,0.0,0.0177,0.0224,0.49,0.0036,25.4,18.9,6,10,1,0,0,0
2022-10-24,9.0,2.4,13.3,21.7,0.0184,0.0335,0.24,0.0051,11.5,12.5,0,10,0,0,0,0
2022-10-25,7.5,3.7,13.3,20.2,0.0187,0.018,0.5,0.0034,29.6,12.9,1,10,0,0,0,0
2022-10-26,4.6,-0.6,11.0,0.0,0.0209,0.0271,0.41,0.0046,31.7,14.1,2,10,0,0,0,0
2022-10-27,8.6,2.8,12.0,11.0,0.0158,0.0221,0.49,0.0043,20.1,13.0,3,10,0,0,0,0
2022-10-28,11.3,4.5,17.4,2.7,0.0226,0.0204,0.45,0.0026,28.5,23.3,4,10,0,0,0,0
2022-10-29,4.6,-0.8,8.9,0.0,0.0307,0.026,0.43,0.0045,27.5,20.9,5,10,1,0,0,0
2022-10-30,9.3,5.3,13.2,0.0,0.0141,0.0203,0.44,0.0026,20.6,5.1,6,10,1,0,0,0
2022-10-31,6.8,1.3,12.5,0.0,0.0132,0.006,0.45,0.0046,29.1,14.7,0,10,0,0,0,0
2022-11-01,7.2,2.9,13.8,0.0,0.0171,0.005,0.56,0.0035,23.1,8.1,1,11,0,0,0,0
2022-11-02,5.1,-1.8,9.3,8.1,0.0174,0.0293,0.45,0.004,17.4,8.2,2,11,0,0,0,0
2022-11-03,6.4,1.8,11.7,0.0,0.032,0.0289,0.54,0.0027,14.3,15.9,3,11,0,0,0,0
2022-11-04,9.5,3.8,13.7,0.0,0.026,0.0328,0.53,0.0041,25.8,7.1,4,11,0,0,0,0
2022-11-05,8.0,4.9,13.2,0.0,0.0277,0.0212,0.5,0.0049,34.3,10.8,5,11,1,0,0,0
2022-11-06,10.2,5.6,15.7,0.0,0.0204,0.0135,0.31,0.0032,23.1,8.6,6,11,1,0,0,0
2022-11-07,8.9,2.4,14.4,0.0,0.0183,0.0186,0.54,0.0034,52.2,30.1,0,11,0,0,0,0
2022-11-08,7.4,1.9,12.8,0.0,0.0113,0.0211,0.41,0.0045,37.6,23.8,1,11,0,0,0,0
2022-11-09,9.8,5.1,13.4,0.0,0.0247,0.0149,0.51,0.0045,41.5,25.0,2,11,0,0,0,0
2022-11-10,7.1,0.4,12.9,14.7,0.0229,0.0308,0.37,0.0016,31.9,23.4,3,11,0,0,0,0
2022-11-11,7.8,1.4,13.5,0.0,0.0277,0.0342,0.36,0.006,46.7,16.9,4,11,0,0,0,0
2022-11-12,5.4,1.2,11.2,0.0,0.0207,0.0236,0.61,0.0045,23.1,18.6,5,11,1,0,0,0
2022-11-13,6.1,0.9,9.4,0.0,0.0211,0.0206,0.37,0.0047,7.3,3.0,6,11,1,0,0,0
2022-11-14,4.4,-0.5,9.2,0.0,0.021,0.0128,0.54,0.0039,26.5,18.2,0,11,0,0,0,0
2022-11-15,7.7,2.2,12.4,14.0,0.0254,0.0298,0.46,0.0021,30.8,10.3,1,11,0,0,0,0
2022-11-16,3.3,-1.1,6.6,0.0,0.0112,0.0209,0.42,0.0047,32.2,17.7,2,11,0,0,0,0
2022-11-17,7.1,3.1,11.0,0.0,0.0244,0.0186,0.45,0.0034,33.5,19.6,3,11,0,0,0,0
2022-11-18,5.1,-1.6,9.8,0.0,0.0199,0.0232,0.35,0.0045,43.0,29.4,4,11,0,0,0,0
2022-11-19,7.7,1.0,13.7,0.0,0.0156,0.0167,0.45,0.0038,34.7,11.2,5,11,1,0,0,0
2022-11-20,6.8,0.4,10.7,21.1,0.0095,0.0211,0.36,0.0042,31.3,17.4,6,11,1,0,0,0
2022-11-21,8.8,1.9,15.2,0.0,0.0192,0.0115,0.42,0.0032,23.2,7.3,0,11,0,0,0,0
2022-11-22,6.6,0.6,11.8,0.0,0.0287,0.0267,0.52,0.0049,21.9,14.6,1,11,0,0,0,0
2022-11-23,1.9,-4.2,7.9,0.0,0.03,0.0195,0.47,0.0028,46.5,29.5,2,11,0,0,0,0
2022-11-24,4.8,-1.2,9.7,7.9,0.0221,0.027,0.33,0.0062,30.3,23.1,3,11,0,0,0,0
2022-11-25,2.5,-2.4,7.5,0.0,0.0318,0.0188,0.52,0.0062,26.7,12.0,4,11,0,0,0,0
2022-11-26,3.8,-1.0,9.3,0.0,0.0217,0.0192,0.45,0.0056,26.9,19.4,5,11,1,0,0,0
2022-11-27,7.8,3.8,14.5,0.0,0.0277,0.0127,0.41,0.0053,26.8,21.5,6,11,1,0,0,0
2022-11-28,6.0,0.4,10.9,0.0,0.0173,0.0246,0.51,0.0039,26.4,6.3,0,11,0,0,0,0
2022-11-29,3.2,-0.9,8.3,0.0,0.0169,0.0147,0.44,0.0052,21.4,14.8,1,11,0,0,0,0
2022-11-30,2.5,-1.5,8.0,0.0,0.0159,0.0171,0.36,0.0039,19.6,15.6,2,11,0,0,0,0
2022-12-01,4.6,-0.8,10.5,0.0,0.0076,0.02,0.6,0.0024,31.5,16.0,3,12,0,0,0,0
2022-12-02,2.0,-2.6,5.3,0.0,0.0277,0.0207,0.45,0.0055,28.1,9.4,4,12,0,0,0,0
2022-12-03,3.1,-0.8,8.1,2.5,0.0182,0.0098,0.44,0.0051,42.7,28.2,5,12,1,0,0,0
2022-12-04,5.0,-1.3,9.9,28.4,0.0172,0.0187,0.42,0.004,26.5,8.6,6,12,1,0,0,0
2022-12-05,6.6,0.2,13.3,0.0,0.0129,0.0248,0.54,0.0028,36.4,19.1,0,12,0,0,0,0
2022-12-06,5.5,1.8,10.5,15.2,0.0188,0.0178,0.41,0.0034,22.1,12.0,1,12,0,0,0,0
2022-12-07,-0.3,-3.4,4.5,0.0,0.0306,0.0188,0.33,0.0022,33.2,21.8,2,12,0,0,0,0
2022-12-08,4.8,0.5,11.7,0.0,0.0326,0.0211,0.4,0.0049,37.7,17.6,3,12,0,0,0,0
2022-12-09,4.3,-1.9,9.1,0.0,0.01,0.0194,0.56,0.0024,41.1,19.2,4,12,0,0,0,0
2022-12-10,5.0,-1.4,8.7,0.0,0.0199,0.014,0.52,0.0043,34.0,19.2,5,12,1,0,0,0
2022-12-11,7.3,3.8,11.2,0.0,0.0158,0.0201,0.43,0.0032,44.7,29.6,6,12,1,0,0,0
2022-12-12,-0.0,-6.1,3.3,0.0,0.0259,0.0263,0.56,0.0026,35.2,30.8,0,12,0,0,0,0
2022-12-13,2.9,-0.6,5.9,9.6,0.0217,0.0141,0.51,0.0042,39.1,14.0,1,12,0,0,0,0
2022-12-14,5.2,0.7,10.0,41.7,0.0162,0.0182,0.43,0.0037,16.5,10.7,2,12,0,0,0,0
2022-12-15,0.9,-6.1,6.9,0.0,0.0204,0.0122,0.44,0.0048,19.4,5.2,3,12,0,0,0,0
2022-12-16,7.0,3.2,12.9,0.0,0.0171,0.0262,0.48,0.0027,38.3,26.2,4,12,0,0,0,0
2022-12-17,4.7,1.1,7.9,27.7,0.0317,0.0201,0.38,0.0032,32.9,13.4,5,12,1,0,0,0
2022-12-18,5.7,1.0,11.0,0.0,0.0253,0.0156,0.45,0.0016,41.4,19.4,6,12,1,0,0,0
2022-12-19,2.9,-2.6,6.5,0.0,0.024,0.0214,0.47,0.0018,40.2,19.2,0,12,0,0,0,0
2022-12-20,5.6,-1.1,12.4,0.0,0.004,0.0137,0.32,0.0058,33.4,18.0,1,12,0,0,0,0
2022-12-21,6.1,-0.8,9.8,0.0,0.0196,0.0148,0.43,0.0061,29.5,17.8,2,12,0,0,0,0
2022-12-22,4.5,1.2,10.0,0.0,0.0325,0.0123,0.43,0.0041,41.8,25.4,3,12,0,0,0,0
2022-12-23,4.5,0.9,8.8,0.0,0.028,0.0148,0.53,0.0032,40.9,22.5,4,12,0,0,0,0
2022-12-24,4.6,-1.6,10.1,0.0,0.0109,0.0294,0.3,0.0037,32.2,11.1,5,12,1,0,0,0
2022-12-25,2.3,-1.8,7.0,9.8,0.0201,0.017,0.42,0.0049,43.9,27.8,6,12,1,1,0,0
2022-12-26,3.8,-2.8,9.8,0.0,0.0128,0.0243,0.41,0.0035,29.6,16.0,0,12,0,0,0,0
2022-12-27,3.8,-1.9,7.7,6.5,0.0303,0.0166,0.53,0.0042,30.2,22.4,1,12,0,0,0,0
2022-12-28,4.9,1.4,11.5,0.0,0.0215,0.0263,0.45,0.004,52.6,25.4,2,12,0,0,0,0
2022-12-29,6.1,-0.2,11.1,20.0,0.0154,0.0157,0.59,0.0034,38.9,13.4,3,12,0,0,0,0
2022-12-30,2.0,-1.7,8.1,5.0,0.0202,0.0222,0.5,0.0035,33.2,18.1,4,12,0,0,0,0
2022-12-31,3.9,-0.8,10.3,7.9,0.0064,0.0224,0.42,0.0043,38.2,27.5,5,12,1,0,0,0
2023-01-01,7.2,2.0,14.2,0.0,0.0155,0.0362,0.47,0.003,39.9,22.7,6,1,1,1,0,0
2023-01-02,2.8,-2.2,6.7,0.0,0.0202,0.0262,0.42,0.0045,14.0,6.7,0,1,0,0,0,0
2023-01-03,2.7,-3.1,6.8,41.4,0.0251,0.019,0.52,0.0035,16.2,4.6,1,1,0,0,0,0
2023-01-04,4.7,-0.9,8.7,0.0,0.0084,0.0268,0.34,0.0041,38.6,30.0,2,1,0,0,0,0
2023-01-05,6.1,-0.9,10.1,0.0,0.0177,0.0357,0.38,0.0054,36.0,14.7,3,1,0,0,0,0
2023-01-06,4.5,-2.5,9.8,0.0,0.0261,0.0132,0.49,0.0038,41.6,19.3,4,1,0,0,0,0
2023-01-07,7.1,2.1,14.1,0.0,0.0133,0.0181,0.55,0.0049,49.6,30.1,5,1,1,0,0,0
2023-01-08,6.3,2.9,13.2,0.0,0.0234,0.0219,0.27,0.0022,36.7,10.9,6,1,1,0,0,0
2023-01-09,6.3,0.4,11.4,27.6,0.0204,0.021,0.56,0.0035,20.6,17.7,0,1,0,0,0,0
2023-01-10,5.8,-1.1,11.3,0.0,0.0303,0.0216,0.44,0.004,42.9,26.7,1,1,0,0,0,0
2023-01-11,9.4,5.1,15.8,0.0,0.0186,0.016,0.3,0.0059,37.1,24.9,2,1,0,0,0,0
2023-01-12,4.4,-0.5,11.1,5.4,0.019,0.0324,0.21,0.002,36.9,23.1,3,1,0,0,0,0
2023-01-13,0.9,-3.8,4.7,0.0,0.0251,0.0156,0.33,0.0039,37.8,20.0,4,1,0,0,0,0
2023-01-14,8.1,4.9,13.3,0.0,0.014,0.0231,0.45,0.0055,60.7,28.1,5,1,1,0,0,0
2023-01-15,4.1,-1.6,10.4,0.0,0.0207,0.0308,0.44,0.0032,20.5,10.6,6,1,1,0,0,0
2023-01-16,5.3,0.9,9.5,0.0,0.0173,0.0245,0.5,0.0038,37.3,15.6,0,1,0,0,0,0
2023-01-17,7.8,1.6,12.5,0.0,0.0192,0.019,0.41,0.0043,40.9,24.9,1,1,0,0,0,0
2023-01-18,2.0,-4.3,9.0,0.0,0.0251,0.017,0.36,0.0042,34.1,22.8,2,1,0,0,0,0
2023-01-19,2.8,-3.5,9.8,0.0,0.0233,0.0239,0.42,0.0056,49.3,34.5,3,1,0,0,0,0
2023-01-20,2.2,-2.5,8.8,10.2,0.0155,0.0209,0.45,0.0044,45.1,26.7,4,1,0,0,0,0
2023-01-21,3.9,-0.4,10.1,14.2,0.0228,0.0269,0.47,0.0053,36.1,24.5,5,1,1,1,0,0
2023-01-22,6.5,0.5,10.5,0.0,0.0309,0.0175,0.39,0.0036,39.2,20.1,6,1,1,1,0,0
2023-01-23,6.7,0.5,11.0,1.5,0.015,0.031,0.52,0.0033,40.2,19.7,0,1,0,1,0,0
2023-01-24,6.3,1.4,11.5,0.0,0.0209,0.027,0.4,0.0038,40.9,24.9,1,1,0,0,0,0
2023-01-25,3.1,-3.5,8.3,0.0,0.0188,0.0276,0.38,0.0028,41.3,20.8,2,1,0,0,0,0
2023-01-26,1.4,-2.2,6.4,0.0,0.0196,0.0354,0.41,0.0045,40.4,23.6,3,1,0,0,0,0
2023-01-27,6.2,-0.3,11.7,0.0,0.0102,0.0243,0.54,0.0036,44.5,19.2,4,1,0,0,0,0
2023-01-28,5.3,1.9,9.9,0.0,0.0305,0.0228,0.44,0.0033,49.1,22.6,5,1,1,0,0,0
2023-01-29,7.2,3.6,13.2,0.0,0.0174,0.0241,0.39,0.0045,31.4,20.4,6,1,1,0,0,0
2023-01-30,7.8,2.7,12.2,10.9,0.0262,0.0264,0.52,0.0029,29.3,20.5,0,1,0,0,0,0
2023-01-31,6.8,3.5,11.1,0.0,0.0163,0.0273,0.62,0.0048,27.0,9.9,1,1,0,0,0,0
2023-02-01,8.2,5.0,11.7,6.6,0.0162,0.0231,0.47,0.0035,48.3,29.9,2,2,0,0,0,0
2023-02-02,7.2,4.2,11.0,0.0,0.0273,0.0161,0.55,0.0052,45.2,22.2,3,2,0,0,0,0
2023-02-03,7.9,3.2,14.3,0.0,0.026,0.0251,0.53,0.0036,47.6,26.3,4,2,0,0,0,0
2023-02-04,5.6,-0.5,10.4,0.0,0.0233,0.0309,0.4,0.0046,30.2,23.7,5,2,1,0,0,0
2023-02-05,6.8,3.6,10.7,0.0,0.0266,0.0298,0.45,0.0042,59.3,36.7,6,2,1,0,0,0
2023-02-06,7.6,2.0,13.7,0.0,0.0183,0.0364,0.35,0.0047,37.8,24.8,0,2,0,0,0,0
2023-02-07,9.0,2.7,14.2,4.6,0.0199,0.0412,0.43,0.0041,43.3,33.4,1,2,0,0,0,0
2023-02-08,6.7,3.1,9.8,0.0,0.016,0.0343,0.4,0.0023,51.2,24.6,2,2,0,0,0,0
2023-02-09,8.7,5.1,13.0,0.0,0.0254,0.0382,0.42,0.005,34.7,14.2,3,2,0,0,0,0
2023-02-10,7.2,0.8,11.0,0.0,0.0158,0.0348,0.39,0.0039,38.8,17.7,4,2,0,0,0,0
2023-02-11,7.7,1.4,13.3,0.0,0.0309,0.0407,0.43,0.0048,45.4,23.7,5,2,1,0,0,0
2023-02-12,9.7,4.6,13.8,0.0,0.0201,0.0418,0.49,0.0047,69.6,26.5,6,2,1,0,0,0
2023-02-13,4.2,-2.1,7.5,0.0,0.0201,0.0366,0.44,0.0032,46.6,24.6,0,2,0,0,0,0
2023-02-14,5.7,2.4,9.0,7.8,0.0246,0.0354,0.3,0.0031,55.7,27.9,1,2,0,0,0,0
2023-02-15,5.5,0.9,10.8,17.4,0.0201,0.0302,0.39,0.0047,48.8,30.8,2,2,0,0,0,0
2023-02-16,4.0,-2.0,7.0,0.0,0.0182,0.0314,0.33,0.0037,47.5,27.9,3,2,0,0,0,0
2023-02-17,7.4,3.4,13.8,0.0,0.0198,0.0299,0.47,0.0049,35.3,16.4,4,2,0,0,0,0
2023-02-18,10.4,4.4,14.0,0.0,0.0274,0.0359,0.49,0.0038,53.8,32.5,5,2,1,0,0,0
2023-02-19,8.5,3.5,13.9,0.0,0.018,0.0281,0.47,0.005,30.9,20.6,6,2,1,0,0,0
2023-02-20,9.6,3.6,14.4,0.0,0.0192,0.0315,0.39,0.0044,58.8,28.5,0,2,0,0,0,0
2023-02-21,11.5,6.7,16.3,0.0,0.0201,0.0188,0.47,0.0043,46.3,23.0,1,2,0,0,0,0
2023-02-22,12.2,7.7,15.5,28.5,0.0252,0.0435,0.41,0.0036,10.7,3.0,2,2,0,0,0,0
2023-02-23,9.5,5.7,15.7,0.0,0.0194,0.0321,0.36,0.0042,41.5,17.4,3,2,0,0,0,0
2023-02-24,12.5,8.7,19.1,12.5,0.0308,0.0364,0.51,0.0052,46.1,21.6,4,2,0,0,0,0
2023-02-25,10.2,4.2,13.2,0.0,0.0211,0.0427,0.52,0.0039,42.5,23.7,5,2,1,0,0,0
2023-02-26,8.5,5.0,12.2,0.0,0.0206,0.036,0.53,0.0045,51.1,23.4,6,2,1,0,0,0
2023-02-27,9.1,5.8,15.7,0.0,0.019,0.0431,0.4,0.004,37.1,17.8,0,2,0,0,0,0
2023-02-28,7.5,3.8,12.7,0.0,0.0121,0.0273,0.54,0.0041,33.0,12.0,1,2,0,0,0,0
2023-03-01,8.8,5.1,12.4,0.0,0.0138,0.0494,0.41,0.0057,44.2,25.2,2,3,0,1,0,0
2023-03-02,10.1,3.8,13.9,0.0,0.0168,0.0418,0.5,0.0052,45.1,26.9,3,3,0,0,0,0
2023-03-03,12.6,8.0,18.2,0.0,0.0268,0.0368,0.41,0.0041,41.7,24.9,4,3,0,0,0,0
2023-03-04,14.6,7.6,20.5,0.0,0.0218,0.0443,0.43,0.0042,55.9,30.8,5,3,1,0,0,0
2023-03-05,8.5,5.0,13.9,0.0,0.0191,0.029,0.26,0.0033,37.3,12.8,6,3,1,0,0,0
2023-03-06,12.2,6.6,19.0,0.0,0.0274,0.0346,0.43,0.0038,47.8,23.2,0,3,0,0,0,0
2023-03-07,9.5,4.7,14.5,0.0,0.0293,0.0452,0.46,0.0043,45.6,23.0,1,3,0,0,0,0
2023-03-08,12.7,8.2,16.9,0.0,0.0275,0.0256,0.42,0.0049,31.0,15.0,2,3,0,0,0,0
2023-03-09,11.7,5.2,16.6,0.0,0.0149,0.0404,0.59,0.0047,33.1,18.6,3,3,0,0,0,0
2023-03-10,8.5,1.6,12.9,0.0,0.017,0.0405,0.36,0.0029,45.1,31.9,4,3,0,0,0,0
2023-03-11,14.1,7.7,18.0,0.0,0.0329,0.0494,0.4,0.005,62.8,38.6,5,3,1,0,0,0
2023-03-12,11.2,7.5,14.4,0.0,0.0234,0.0283,0.38,0.0039,50.2,22.7,6,3,1,0,0,0
2023-03-13,11.6,7.7,16.0,0.0,0.0184,0.0477,0.4,0.003,29.5,19.6,0,3,0,0,0,0
2023-03-14,10.7,5.0,16.5,0.0,0.0243,0.035,0.53,0.0053,17.0,12.6,1,3,0,0,0,0
2023-03-15,11.7,7.5,14.7,20.9,0.026,0.0359,0.57,0.0055,44.3,20.3,2,3,0,0,0,0
2023-03-16,14.0,8.1,18.8,21.0,0.0166,0.0315,0.39,0.0043,36.8,24.5,3,3,0,0,0,0
2023-03-17,12.9,7.7,18.5,0.0,0.0213,0.0326,0.39,0.0047,55.2,29.6,4,3,0,0,0,0
2023-03-18,14.1,8.9,19.6,0.0,0.0276,0.0417,0.36,0.0048,37.0,13.3,5,3,1,0,0,0
2023-03-19,14.4,8.1,20.5,0.0,0.015,0.0329,0.55,0.0054,48.1,28.7,6,3,1,0,0,0
2023-03-20,16.5,10.6,22.7,4.0,0.0201,0.0443,0.54,0.0047,51.1,29.2,0,3,0,0,0,0
2023-03-21,13.3,10.2,19.2,0.0,0.0133,0.0361,0.44,0.0027,40.9,21.4,1,3,0,0,0,0
2023-03-22,11.2,8.0,14.6,0.0,0.0141,0.033,0.34,0.006,41.0,22.4,2,3,0,0,0,0
2023-03-23,16.5,11.1,21.4,0.0,0.0166,0.0374,0.35,0.0051,45.1,21.2,3,3,0,0,0,0
2023-03-24,13.9,8.9,19.3,7.4,0.0229,0.0428,0.46,0.0035,47.1,29.0,4,3,0,0,0,0
2023-03-25,16.9,12.9,20.9,0.0,0.0201,0.0394,0.49,0.003,44.6,24.3,5,3,1,0,0,0
2023-03-26,15.6,11.0,18.8,0.0,0.0181,0.0415,0.28,0.0045,53.5,30.3,6,3,1,0,0,0
2023-03-27,14.8,8.7,18.7,0.0,0.0203,0.0457,0.42,0.0037,40.5,24.1,0,3,0,0,0,0
2023-03-28,15.9,9.6,20.7,0.0,0.0131,0.0482,0.58,0.0043,32.7,12.2,1,3,0,0,0,0
2023-03-29,19.3,14.0,23.9,0.0,0.0226,0.0401,0.43,0.0047,62.4,29.8,2,3,0,0,0,0
2023-03-30,19.7,15.2,23.4,0.0,0.0268,0.0359,0.57,0.0034,39.1,10.5,3,3,0,0,0,0
2023-03-31,15.9,11.8,22.1,0.0,0.0195,0.0429,0.5,0.0029,39.4,24.5,4,3,0,0,0,0
2023-04-01,16.2,11.1,22.9,0.0,0.0208,0.0455,0.36,0.0044,43.8,18.0,5,4,1,0,0,0
2023-04-02,18.2,13.9,22.0,0.0,0.0242,0.0341,0.43,0.0035,45.0,25.4,6,4,1,0,0,0
2023-04-03,14.5,9.3,21.2,0.0,0.0078,0.0377,0.44,0.0041,40.8,24.3,0,4,0,0,0,0
2023-04-04,17.1,11.3,20.1,0.0,0.0232,0.039,0.37,0.0027,44.1,27.3,1,4,0,0,0,0
2023-04-05,16.5,13.2,23.2,0.0,0.0386,0.0423,0.37,0.0037,43.8,18.1,2,4,0,0,0,0
2023-04-06,17.3,14.3,24.2,0.0,0.0193,0.0391,0.57,0.0047,45.7,24.8,3,4,0,0,0,0
2023-04-07,15.2,11.4,18.3,0.0,0.0193,0.0482,0.37,0.0046,22.8,20.9,4,4,0,0,0,0
2023-04-08,13.9,7.3,19.9,9.6,0.0265,0.0345,0.54,0.0032,57.5,40.2,5,4,1,0,0,0
2023-04-09,13.1,7.5,19.9,0.0,0.0319,0.0349,0.42,0.0028,42.6,28.4,6,4,1,0,0,0
2023-04-10,15.1,11.5,21.8,0.0,0.0258,0.0425,0.45,0.004,49.0,28.6,0,4,0,0,0,0
2023-04-11,16.6,10.1,23.5,0.0,0.0071,0.0437,0.49,0.0046,31.3,12.2,1,4,0,0,0,0
2023-04-12,17.1,12.2,22.3,7.4,0.0234,0.0362,0.4,0.0044,36.8,23.8,2,4,0,0,0,0
2023-04-13,21.7,16.8,25.0,0.0,0.0354,0.0415,0.5,0.0035,37.5,19.8,3,4,0,0,0,0
2023-04-14,20.2,13.5,26.6,12.4,0.0237,0.0429,0.29,0.0043,52.3,31.6,4,4,0,0,0,0
2023-04-15,16.2,13.0,21.7,0.0,0.0151,0.0431,0.49,0.0055,38.1,17.8,5,4,1,0,0,0
2023-04-16,19.0,15.2,24.5,0.0,0.0237,0.0466,0.25,0.0042,50.1,26.7,6,4,1,0,0,0
2023-04-17,17.7,12.3,22.3,0.0,0.0123,0.0419,0.43,0.0024,37.3,21.3,0,4,0,0,0,0
2023-04-18,18.1,14.3,23.4,0.0,0.0274,0.0549,0.52,0.0042,39.0,22.7,1,4,0,0,0,0
2023-04-19,19.2,13.4,22.8,0.0,0.0143,0.0491,0.5,0.006,40.8,24.9,2,4,0,0,0,0
2023-04-20,20.2,16.3,26.1,0.0,0.0204,0.0415,0.35,0.0027,54.4,27.0,3,4,0,0,0,0
2023-04-21,18.4,15.0,21.7,13.0,0.0149,0.0471,0.36,0.004,21.2,4.9,4,4,0,0,0,0
2023-04-22,21.4,17.5,27.3,0.0,0.0187,0.0474,0.39,0.0038,30.8,25.1,5,4,1,0,0,0
2023-04-23,17.1,12.4,23.5,9.3,0.0309,0.0542,0.46,0.0041,21.7,24.4,6,4,1,0,0,0
2023-04-24,19.5,15.8,24.4,0.0,0.0206,0.0434,0.29,0.0042,32.6,20.2,0,4,0,0,0,0
2023-04-25,24.9,21.3,29.9,0.0,0.0166,0.0518,0.45,0.0051,35.0,12.6,1,4,0,0,0,0
2023-04-26,20.3,13.8,24.5,0.0,0.0131,0.0476,0.47,0.0041,27.6,11.3,2,4,0,0,0,0
2023-04-27,22.8,18.5,29.7,0.0,0.0088,0.0564,0.43,0.0053,35.4,22.0,3,4,0,0,0,0
2023-04-28,20.3,15.8,26.2,0.0,0.0125,0.0554,0.49,0.0039,23.8,19.8,4,4,0,0,0,0
2023-04-29,21.4,18.2,25.9,0.0,0.0227,0.0489,0.47,0.0036,32.6,11.9,5,4,1,0,0,0
2023-04-30,20.2,15.8,23.9,0.0,0.0279,0.0463,0.41,0.0033,52.5,28.3,6,4,1,0,0,0
2023-05-01,20.1,16.1,24.0,0.0,0.0166,0.0511,0.3,0.0022,45.2,25.8,0,5,0,0,0,0
2023-05-02,19.1,13.6,23.9,0.0,0.0294,0.0471,0.46,0.0043,43.1,28.0,1,5,0,0,0,0
2023-05-03,21.6,17.8,28.4,13.2,0.0157,0.0583,0.37,0.0061,27.6,13.5,2,5,0,0,0,0
2023-05-04,19.2,12.6,25.1,10.3,0.0186,0.0489,0.4,0.0045,23.7,5.2,3,5,0,0,0,0
2023-05-05,22.3,15.6,26.2,0.0,0.0135,0.0461,0.49,0.0047,30.8,20.0,4,5,0,1,0,0
2023-05-06,23.3,19.9,29.7,0.0,0.0279,0.0458,0.56,0.0036,40.5,27.9,5,5,1,0,0,0
2023-05-07,22.0,18.5,26.5,6.9,0.0346,0.0414,0.45,0.0038,46.1,24.9,6,5,1,0,0,0
2023-05-08,20.8,17.3,27.2,13.3,0.0094,0.0522,0.49,0.005,44.1,26.3,0,5,0,0,0,0
2023-05-09,22.4,16.9,26.3,13.0,0.0179,0.044,0.33,0.006,41.6,20.5,1,5,0,0,0,0
2023-05-10,21.0,17.5,26.4,0.0,0.0276,0.0556,0.47,0.0055,33.7,14.3,2,5,0,0,0,0
2023-05-11,23.6,17.2,30.3,25.8,0.0113,0.0413,0.45,0.0048,31.4,22.4,3,5,0,0,0,0
2023-05-12,18.1,12.1,22.2,0.0,0.0234,0.0499,0.55,0.004,37.1,22.3,4,5,0,0,0,0
2023-05-13,21.2,15.0,27.0,0.0,0.0293,0.0562,0.41,0.0042,38.1,23.4,5,5,1,0,0,0
2023-05-14,18.0,12.9,25.0,4.9,0.0225,0.0364,0.43,0.0032,56.3,38.5,6,5,1,0,0,0
2023-05-15,19.1,12.1,22.7,0.0,0.0233,0.0615,0.53,0.0026,23.7,7.8,0,5,0,0,0,0
2023-05-16,24.9,21.8,28.3,0.0,0.0306,0.0469,0.44,0.0029,37.3,17.8,1,5,0,0,0,0
2023-05-17,24.1,19.5,29.8,0.0,0.0317,0.0504,0.36,0.004,50.2,28.4,2,5,0,0,0,0
2023-05-18,21.0,16.7,25.3,0.0,0.0196,0.053,0.65,0.0037,25.9,11.4,3,5,0,0,0,0
2023-05-19,19.5,12.7,22.8,0.0,0.0168,0.054,0.36,0.0025,33.1,22.1,4,5,0,0,0,0
2023-05-20,16.7,11.4,21.6,52.0,0.0165,0.0514,0.44,0.004,15.8,7.8,5,5,1,0,0,0
2023-05-21,21.6,15.4,27.6,0.0,0.0279,0.0558,0.48,0.0037,36.6,15.2,6,5,1,0,0,0
2023-05-22,27.6,23.9,31.7,0.0,0.0118,0.0529,0.47,0.0028,24.1,13.6,0,5,0,0,0,0
2023-05-23,23.7,16.8,28.1,51.3,0.0185,0.0604,0.43,0.0036,25.7,15.0,1,5,0,0,0,0
2023-05-24,21.8,16.8,28.2,0.0,0.0206,0.053,0.44,0.0037,44.1,28.9,2,5,0,0,0,0
2023-05-25,23.9,19.0,29.0,0.0,0.017,0.0617,0.43,0.0034,42.5,25.3,3,5,0,0,0,0
2023-05-26,19.9,13.1,26.3,5.3,0.0217,0.0553,0.36,0.0049,28.1,17.8,4,5,0,0,0,0
2023-05-27,22.5,18.0,27.3,0.0,0.0374,0.0391,0.62,0.0021,38.4,22.7,5,5,1,0,0,0
2023-05-28,23.4,18.8,30.2,0.0,0.0213,0.0656,0.43,0.002,29.4,15.2,6,5,1,0,0,0
2023-05-29,23.1,17.8,28.7,0.0,0.0174,0.0465,0.5,0.004,34.3,15.3,0,5,0,0,0,0
2023-05-30,24.9,21.4,28.4,20.4,0.0261,0.059,0.42,0.0041,49.4,28.6,1,5,0,0,0,0
2023-05-31,24.1,19.8,30.6,0.0,0.0214,0.0502,0.42,0.0044,37.8,19.1,2,5,0,0,0,0
2023-06-01,24.8,21.0,29.7,4.7,0.0286,0.0564,0.41,0.0035,24.5,21.9,3,6,0,0,0,0
2023-06-02,22.1,18.7,25.7,0.0,0.021,0.0459,0.33,0.0031,38.3,27.8,4,6,0,0,0,0
2023-06-03,25.4,18.9,29.0,0.0,0.0205,0.0537,0.44,0.004,24.3,16.5,5,6,1,0,0,0
2023-06-04,26.9,21.5,32.6,0.0,0.0113,0.0484,0.42,0.0036,25.5,15.9,6,6,1,0,0,0
2023-06-05,21.7,17.3,24.9,15.0,0.0103,0.0594,0.54,0.0056,21.5,11.4,0,6,0,0,0,0
2023-06-06,21.9,17.3,26.1,0.0,0.009,0.0526,0.35,0.0037,31.9,11.2,1,6,0,1,0,0
2023-06-07,26.4,21.7,30.0,7.6,0.0223,0.0555,0.4,0.0039,41.5,21.7,2,6,0,0,0,0
2023-06-08,23.4,17.9,28.2,0.0,0.0118,0.0369,0.38,0.0065,40.8,22.9,3,6,0,0,0,0
2023-06-09,26.6,19.9,31.3,0.0,0.0275,0.0493,0.57,0.0038,40.1,23.2,4,6,0,0,0,0
2023-06-10,23.0,16.2,28.0,0.0,0.0222,0.0523,0.38,0.0046,25.4,16.3,5,6,1,0,0,0
2023-06-11,26.8,22.2,30.9,9.6,0.0205,0.0511,0.49,0.0046,26.9,19.4,6,6,1,0,0,0
2023-06-12,24.2,19.8,27.3,4.9,0.0149,0.0555,0.53,0.0047,35.6,16.1,0,6,0,0,0,0
2023-06-13,24.4,19.6,29.9,0.0,0.0237,0.0474,0.44,0.0043,29.1,12.6,1,6,0,0,0,0
2023-06-14,27.1,21.8,31.6,10.4,0.0152,0.0499,0.34,0.0042,28.4,22.9,2,6,0,0,0,0
2023-06-15,23.2,18.4,28.8,4.7,0.0141,0.0566,0.34,0.0041,36.7,24.0,3,6,0,0,0,0
2023-06-16,22.1,16.5,25.5,0.0,0.0271,0.0358,0.52,0.0034,31.1,15.2,4,6,0,0,0,0
2023-06-17,23.1,17.9,26.1,0.0,0.0241,0.0529,0.35,0.0043,36.1,19.3,5,6,1,0,0,0
2023-06-18,24.9,20.6,28.9,15.5,0.0206,0.0473,0.48,0.006,42.8,23.0,6,6,1,0,0,0
2023-06-19,20.9,16.5,25.7,0.0,0.0238,0.0438,0.46,0.0052,32.2,17.9,0,6,0,0,0,0
2023-06-20,25.3,20.8,29.9,0.0,0.0201,0.0512,0.48,0.0043,44.2,26.7,1,6,0,0,0,0
2023-06-21,22.9,19.5,29.2,0.0,0.0223,0.0564,0.49,0.0049,38.4,33.8,2,6,0,0,0,0
2023-06-22,26.3,22.6,30.8,0.0,0.0151,0.0552,0.38,0.0031,20.0,11.9,3,6,0,0,0,0
2023-06-23,19.2,13.3,24.3,0.0,0.0324,0.0481,0.37,0.0037,23.1,16.0,4,6,0,0,0,0
2023-06-24,22.4,17.8,27.8,0.0,0.0185,0.054,0.51,0.0049,25.4,5.5,5,6,1,0,0,0
2023-06-25,20.6,16.7,23.7,0.0,0.0313,0.0539,0.4,0.0055,25.0,11.3,6,6,1,0,0,0
2023-06-26,22.3,17.0,27.4,0.0,0.0189,0.048,0.23,0.0032,31.7,23.6,0,6,0,0,0,0
2023-06-27,24.4,18.4,28.8,13.4,0.0248,0.0443,0.5,0.0035,33.2,20.3,1,6,0,0,0,0
2023-06-28,23.6,19.5,28.2,0.0,0.0244,0.0445,0.37,0.0062,43.5,3.0,2,6,0,0,0,0
2023-06-29,23.4,17.1,26.8,4.5,0.0269,0.0532,0.49,0.0041,33.2,21.6,3,6,0,0,0,0
2023-06-30,23.5,16.8,29.7,0.0,0.015,0.0478,0.56,0.0058,27.9,24.9,4,6,0,0,0,0
2023-07-01,24.2,18.8,31.0,0.0,0.0285,0.0417,0.45,0.0042,13.0,3.0,5,7,1,0,1,0
2023-07-02,21.8,16.1,24.9,0.0,0.0331,0.0377,0.53,0.0042,32.2,25.3,6,7,1,0,1,0
2023-07-03,25.2,22.0,30.6,0.0,0.0184,0.0527,0.46,0.0037,31.6,3.5,0,7,0,0,1,0
2023-07-04,25.0,18.3,31.1,0.0,0.0202,0.0443,0.58,0.0049,32.9,22.8,1,7,0,0,1,0
2023-07-05,24.4,19.9,28.6,22.2,0.0169,0.0494,0.37,0.0054,42.3,23.2,2,7,0,0,1,0
2023-07-06,24.7,18.1,30.9,0.0,0.0179,0.0547,0.45,0.003,42.1,11.4,3,7,0,0,1,0
2023-07-07,24.2,18.9,29.7,0.0,0.0303,0.0392,0.5,0.0036,37.8,23.0,4,7,0,0,1,0
2023-07-08,27.6,24.6,34.3,12.8,0.016,0.0467,0.43,0.0049,17.5,15.4,5,7,1,0,1,0
2023-07-09,23.3,20.2,30.2,0.0,0.0163,0.0458,0.54,0.0039,25.8,16.0,6,7,1,0,1,0
2023-07-10,22.8,17.1,26.0,0.0,0.0297,0.0489,0.42,0.0035,29.4,19.1,0,7,0,0,1,0
2023-07-11,21.9,16.6,26.6,0.0,0.0237,0.0539,0.62,0.005,23.2,10.7,1,7,0,0,1,0
2023-07-12,21.2,18.1,26.4,0.0,0.0327,0.0383,0.62,0.0051,34.5,9.7,2,7,0,0,1,0
2023-07-13,20.8,14.8,24.3,17.7,0.0173,0.0495,0.47,0.0036,26.9,18.3,3,7,0,0,1,0
2023-07-14,21.4,15.0,25.7,11.8,0.0208,0.0521,0.49,0.0042,15.8,17.4,4,7,0,0,1,0
2023-07-15,23.0,18.0,29.9,30.7,0.018,0.0446,0.55,0.0028,29.6,21.9,5,7,1,0,1,0
2023-07-16,23.7,18.8,26.8,7.5,0.0229,0.0448,0.36,0.0031,27.7,5.3,6,7,1,0,1,0
2023-07-17,23.1,20.0,27.9,0.0,0.0094,0.0479,0.35,0.0041,13.7,3.0,0,7,0,0,1,0
2023-07-18,21.3,15.2,27.7,0.0,0.0241,0.0473,0.55,0.004,28.7,11.6,1,7,0,0,1,0
2023-07-19,24.6,20.3,28.9,4.1,0.0219,0.0485,0.47,0.003,30.1,8.6,2,7,0,0,1,0
2023-07-20,24.2,17.7,29.1,0.0,0.0197,0.0482,0.43,0.0033,37.6,20.9,3,7,0,0,1,0
2023-07-21,22.3,17.8,29.2,0.0,0.0177,0.0387,0.45,0.0029,25.7,16.1,4,7,0,0,1,0
2023-07-22,21.2,16.0,26.1,0.0,0.0166,0.0504,0.26,0.0045,36.0,12.6,5,7,1,0,1,0
2023-07-23,23.5,19.5,27.1,0.0,0.0264,0.0512,0.43,0.002,30.1,20.4,6,7,1,0,1,0
2023-07-24,22.7,19.1,25.9,0.0,0.013,0.0451,0.39,0.003,16.5,12.1,0,7,0,0,1,0
2023-07-25,19.4,13.3,26.1,0.0,0.0231,0.0349,0.52,0.0021,15.5,5.8,1,7,0,0,1,0
2023-07-26,22.0,17.0,26.1,5.1,0.0324,0.0429,0.53,0.0044,36.4,19.2,2,7,0,0,1,0
2023-07-27,22.6,17.4,27.6,0.0,0.0289,0.0446,0.5,0.0022,38.7,11.5,3,7,0,0,1,0
2023-07-28,20.2,13.3,23.5,0.0,0.011,0.0363,0.48,0.004,30.7,15.2,4,7,0,0,1,0
2023-07-29,22.2,15.4,26.9,0.0,0.0188,0.0408,0.33,0.0056,41.2,22.7,5,7,1,0,1,0
2023-07-30,18.8,12.4,25.6,0.0,0.0245,0.0343,0.5,0.0057,37.1,21.2,6,7,1,0,1,0
2023-07-31,24.3,20.6,29.3,0.0,0.0196,0.0462,0.5,0.0022,33.6,20.4,0,7,0,0,1,0
2023-08-01,24.0,18.6,30.9,0.0,0.0116,0.0433,0.55,0.0043,19.2,11.8,1,8,0,0,1,0
2023-08-02,20.9,14.4,24.9,0.0,0.0223,0.0322,0.62,0.003,42.8,22.2,2,8,0,0,1,0
2023-08-03,22.0,17.5,27.0,0.0,0.0199,0.0439,0.31,0.0028,32.0,19.0,3,8,0,0,1,0
2023-08-04,16.4,13.0,22.8,0.0,0.0315,0.0413,0.42,0.0039,23.6,18.0,4,8,0,0,1,0
2023-08-05,18.7,12.5,23.5,0.0,0.0205,0.0445,0.39,0.0052,20.9,11.0,5,8,1,0,1,0
2023-08-06,20.3,15.4,24.5,12.5,0.029,0.0388,0.46,0.0046,24.8,15.2,6,8,1,0,1,0
2023-08-07,18.7,13.4,25.1,0.0,0.0124,0.0361,0.45,0.0033,11.7,5.5,0,8,0,0,1,0
2023-08-08,22.1,15.2,26.7,11.9,0.0138,0.036,0.43,0.0047,28.8,12.6,1,8,0,0,1,0
2023-08-09,24.5,19.1,29.7,4.4,0.0243,0.0372,0.53,0.0018,16.4,11.6,2,8,0,0,1,0
2023-08-10,18.1,13.4,25.0,0.0,0.0265,0.0403,0.36,0.0032,29.8,13.6,3,8,0,0,1,0
2023-08-11,18.6,14.1,22.4,0.0,0.0143,0.0408,0.37,0.0032,21.7,13.9,4,8,0,0,1,0
2023-08-12,20.6,16.0,24.8,8.8,0.0221,0.0386,0.37,0.0041,20.8,11.6,5,8,1,0,1,0
2023-08-13,23.2,19.8,26.4,2.7,0.0137,0.0369,0.42,0.0038,18.4,8.6,6,8,1,0,1,0
2023-08-14,17.4,11.3,22.0,0.1,0.0189,0.0371,0.35,0.0039,24.6,11.9,0,8,0,0,1,0
2023-08-15,20.2,13.9,24.0,0.0,0.025,0.054,0.45,0.0038,43.0,21.1,1,8,0,1,1,0
2023-08-16,23.2,19.1,29.0,0.0,0.0174,0.0341,0.44,0.004,38.4,12.9,2,8,0,0,1,0
2023-08-17,16.1,11.9,19.9,10.9,0.0185,0.0351,0.39,0.0045,25.3,15.8,3,8,0,0,1,0
2023-08-18,16.7,10.2,22.4,22.5,0.0132,0.058,0.52,0.0041,17.7,10.9,4,8,0,0,1,0
2023-08-19,18.3,15.2,22.4,0.0,0.0181,0.0405,0.45,0.0037,33.4,22.6,5,8,1,0,1,0
2023-08-20,18.0,12.9,22.4,0.0,0.0325,0.0294,0.54,0.0044,35.9,17.1,6,8,1,0,1,0
2023-08-21,20.5,15.6,24.9,0.0,0.0204,0.0425,0.43,0.0048,18.2,19.5,0,8,0,0,1,0
2023-08-22,19.2,13.4,25.1,0.0,0.014,0.0317,0.45,0.0034,24.9,11.8,1,8,0,0,1,0
2023-08-23,15.0,11.4,19.9,0.0,0.0181,0.0424,0.4,0.0039,9.1,3.0,2,8,0,0,1,0
2023-08-24,19.4,13.8,23.9,0.0,0.0104,0.0354,0.45,0.0052,35.6,14.6,3,8,0,0,1,0
2023-08-25,17.1,12.6,23.5,0.0,0.0139,0.0338,0.51,0.0029,44.0,15.5,4,8,0,0,1,0
2023-08-26,20.6,15.2,25.9,16.1,0.0302,0.0458,0.42,0.0058,20.5,18.9,5,8,1,0,1,0
2023-08-27,16.7,13.5,20.5,0.0,0.0211,0.0393,0.49,0.0027,6.2,10.3,6,8,1,0,1,0
2023-08-28,16.5,11.7,23.1,0.0,0.0313,0.0415,0.38,0.0037,30.8,19.9,0,8,0,0,1,0
2023-08-29,18.7,13.6,23.1,0.0,0.0194,0.038,0.51,0.003,17.1,4.9,1,8,0,0,1,0
2023-08-30,19.0,15.1,22.1,0.0,0.0198,0.0325,0.4,0.0062,19.2,19.6,2,8,0,0,1,0
2023-08-31,18.2,14.6,23.2,5.4,0.0238,0.0385,0.52,0.0035,28.9,14.1,3,8,0,0,1,0
2023-09-01,13.8,10.0,17.3,0.0,0.004,0.0419,0.45,0.0035,27.4,13.7,4,9,0,0,0,0
2023-09-02,18.0,13.7,22.0,0.0,0.0232,0.0352,0.57,0.0036,20.7,18.6,5,9,1,0,0,0
2023-09-03,14.7,11.3,20.7,5.0,0.0217,0.0449,0.36,0.0041,17.5,12.9,6,9,1,0,0,0
2023-09-04,17.1,10.3,20.6,0.0,0.0289,0.0389,0.33,0.0037,26.2,25.4,0,9,0,0,0,0
2023-09-05,13.6,9.0,19.9,0.0,0.0258,0.0349,0.4,0.0039,21.4,13.0,1,9,0,0,0,0
2023-09-06,17.2,11.0,23.9,0.0,0.0132,0.0348,0.34,0.001,15.1,6.3,2,9,0,0,0,0
2023-09-07,14.5,7.6,19.9,0.0,0.0275,0.0339,0.34,0.0041,22.0,9.0,3,9,0,0,0,0
2023-09-08,13.4,10.1,19.2,0.0,0.0184,0.0253,0.5,0.004,28.1,6.2,4,9,0,0,0,0
2023-09-09,17.2,11.6,23.1,0.0,0.0166,0.032,0.45,0.005,23.4,11.5,5,9,1,0,0,0
2023-09-10,16.1,9.6,23.1,13.6,0.0232,0.0336,0.41,0.0053,7.5,9.8,6,9,1,0,0,0
2023-09-11,14.2,8.7,18.6,0.0,0.0188,0.0296,0.42,0.0038,33.9,21.6,0,9,0,0,0,0
2023-09-12,18.2,13.5,21.8,28.4,0.0292,0.0338,0.4,0.0048,5.0,3.0,1,9,0,0,0,0
2023-09-13,14.2,9.5,19.3,0.0,0.022,0.0317,0.58,0.0029,21.0,6.6,2,9,0,0,0,0
2023-09-14,15.0,11.9,20.1,0.0,0.0212,0.0359,0.39,0.0048,19.4,11.8,3,9,0,0,0,0
2023-09-15,15.3,10.2,19.0,0.0,0.0254,0.035,0.34,0.0034,26.4,19.6,4,9,0,0,0,0
2023-09-16,13.4,6.4,18.8,7.1,0.0286,0.0318,0.51,0.0028,27.6,17.3,5,9,1,0,0,0
2023-09-17,15.4,8.5,18.4,1.0,0.0267,0.0223,0.43,0.0038,34.8,20.0,6,9,1,0,0,0
2023-09-18,13.2,10.0,19.9,0.0,0.0285,0.041,0.61,0.0054,18.7,6.3,0,9,0,0,0,0
2023-09-19,13.3,7.4,17.3,1.2,0.0237,0.0292,0.41,0.0042,30.0,20.8,1,9,0,0,0,0
2023-09-20,16.6,12.4,19.8,29.7,0.021,0.0293,0.52,0.0055,16.5,3.0,2,9,0,0,0,0
2023-09-21,11.7,5.0,15.1,0.0,0.0274,0.0275,0.54,0.0033,9.8,7.3,3,9,0,0,0,0
2023-09-22,8.7,5.6,12.7,0.0,0.0195,0.0264,0.41,0.005,42.3,36.1,4,9,0,0,0,0
2023-09-23,16.6,9.9,20.7,0.0,0.0222,0.0384,0.39,0.0033,12.3,3.0,5,9,1,0,0,0
2023-09-24,18.3,12.0,21.5,0.0,0.0323,0.0372,0.51,0.0042,29.0,14.7,6,9,1,0,0,0
2023-09-25,12.2,8.8,16.4,0.0,0.0297,0.0313,0.5,0.0042,28.8,15.8,0,9,0,0,0,0
2023-09-26,9.0,5.8,12.8,0.0,0.02,0.0277,0.34,0.0047,27.8,13.0,1,9,0,0,0,0
2023-09-27,12.1,5.8,16.6,0.0,0.0173,0.0319,0.36,0.0043,20.9,16.7,2,9,0,0,0,0
2023-09-28,12.0,8.3,16.5,0.0,0.0288,0.0284,0.25,0.0033,32.9,20.5,3,9,0,1,0,0
2023-09-29,12.0,6.9,16.3,0.0,0.0248,0.0266,0.5,0.0049,11.4,7.0,4,9,0,1,0,0
2023-09-30,10.0,3.3,14.3,0.0,0.0239,0.0295,0.43,0.0057,25.0,17.7,5,9,1,1,0,0
2023-10-01,13.2,7.9,16.6,0.0,0.0201,0.0246,0.44,0.0034,20.5,11.4,6,10,1,0,0,1
2023-10-02,12.9,8.3,16.0,0.0,0.022,0.0286,0.31,0.0022,19.6,26.7,0,10,0,0,0,1
2023-10-03,8.7,3.9,12.5,0.0,0.0199,0.028,0.36,0.0045,29.6,17.0,1,10,0,1,0,1
2023-10-04,12.9,9.7,19.0,0.0,0.016,0.0302,0.41,0.0037,35.5,20.5,2,10,0,0,0,1
2023-10-05,15.5,8.6,22.4,0.0,0.0208,0.0227,0.4,0.0039,22.8,4.0,3,10,0,0,0,1
2023-10-06,11.5,7.3,18.3,49.6,0.0216,0.0304,0.46,0.0046,15.6,5.9,4,10,0,0,0,1
2023-10-07,10.4,6.6,15.4,0.0,0.0197,0.0205,0.5,0.0035,26.5,20.3,5,10,1,0,0,1
2023-10-08,10.6,6.4,15.7,7.2,0.0274,0.0223,0.63,0.0037,15.5,3.0,6,10,1,0,0,1
2023-10-09,11.9,5.1,16.2,0.0,0.0277,0.0224,0.45,0.0039,23.8,3.0,0,10,0,1,0,1
2023-10-10,7.1,3.7,13.2,0.0,0.0258,0.0189,0.54,0.0055,23.5,13.1,1,10,0,0,0,1
2023-10-11,10.7,4.2,16.8,0.0,0.0183,0.0313,0.38,0.004,20.1,17.9,2,10,0,0,0,1
2023-10-12,9.4,3.6,15.8,4.3,0.0245,0.0192,0.32,0.0028,28.8,16.1,3,10,0,0,0,1
2023-10-13,13.8,7.4,20.3,0.0,0.0205,0.0206,0.42,0.0028,28.6,14.0,4,10,0,0,0,1
2023-10-14,9.6,2.7,14.3,0.0,0.0146,0.0321,0.32,0.0041,12.3,3.0,5,10,1,0,0,1
2023-10-15,13.1,6.7,19.2,0.7,0.026,0.021,0.45,0.0029,11.6,8.6,6,10,1,0,0,1
2023-10-16,7.4,0.6,13.6,43.7,0.0209,0.0231,0.39,0.0024,15.3,11.7,0,10,0,0,0,0
2023-10-17,10.6,7.1,14.8,8.0,0.0356,0.018,0.29,0.0046,16.7,3.0,1,10,0,0,0,0
2023-10-18,9.9,3.7,16.6,20.4,0.0287,0.0289,0.59,0.0047,22.6,18.1,2,10,0,0,0,0
2023-10-19,7.4,2.2,10.8,7.3,0.0243,0.0288,0.41,0.0036,31.6,21.2,3,10,0,0,0,0
2023-10-20,9.3,4.2,16.3,0.0,0.0215,0.028,0.32,0.0043,15.8,14.4,4,10,0,0,0,0
2023-10-21,11.3,4.7,17.3,0.0,0.023,0.0266,0.52,0.0042,14.6,10.9,5,10,1,0,0,0
2023-10-22,8.0,1.2,11.4,10.6,0.016,0.0237,0.39,0.0046,38.8,24.6,6,10,1,0,0,0
2023-10-23,5.2,-0.7,10.8,25.4,0.0096,0.0199,0.54,0.0046,21.8,14.6,0,10,0,0,0,0
2023-10-24,8.4,3.4,11.5,34.8,0.0148,0.018,0.39,0.0014,11.7,10.8,1,10,0,0,0,0
2023-10-25,6.5,1.6,12.5,0.0,0.0197,0.0305,0.41,0.0038,19.4,3.0,2,10,0,0,0,0
2023-10-26,7.4,2.9,13.6,0.0,0.0074,0.0272,0.48,0.0045,23.3,5.3,3,10,0,0,0,0
2023-10-27,7.8,3.4,13.2,0.0,0.0167,0.0183,0.5,0.0036,17.3,5.8,4,10,0,0,0,0
2023-10-28,4.4,-0.1,10.9,14.1,0.0205,0.0226,0.51,0.004,31.1,16.5,5,10,1,0,0,0
2023-10-29,4.5,1.1,7.9,5.2,0.0207,0.0204,0.44,0.0048,19.4,12.6,6,10,1,0,0,0
2023-10-30,8.5,5.2,12.6,0.0,0.016,0.0153,0.49,0.0041,38.2,22.6,0,10,0,0,0,0
2023-10-31,6.4,0.3,11.1,3.7,0.018,0.023,0.51,0.0055,23.6,18.6,1,10,0,0,0,0
2023-11-01,2.2,-2.6,5.4,25.7,0.0303,0.0193,0.47,0.0051,10.3,11.4,2,11,0,0,0,0
2023-11-02,8.8,2.0,13.6,12.1,0.024,0.016,0.44,0.0039,20.7,7.0,3,11,0,0,0,0
2023-11-03,7.6,2.2,11.7,0.0,0.0166,0.0127,0.33,0.0038,5.3,4.1,4,11,0,0,0,0
2023-11-04,5.5,2.4,10.1,0.0,0.0216,0.0121,0.5,0.0011,28.0,11.2,5,11,1,0,0,0
2023-11-05,4.2,0.6,8.9,0.0,0.0218,0.0191,0.45,0.0037,27.7,14.3,6,11,1,0,0,0
2023-11-06,8.4,4.6,14.9,0.0,0.0154,0.0207,0.42,0.0026,36.8,21.8,0,11,0,0,0,0
2023-11-07,7.3,0.4,11.4,12.3,0.0154,0.0159,0.55,0.0042,8.2,3.0,1,11,0,0,0,0
2023-11-08,11.2,7.4,17.8,0.0,0.0261,0.0249,0.34,0.0042,40.1,34.1,2,11,0,0,0,0
2023-11-09,7.2,2.1,11.9,5.5,0.0175,0.0206,0.58,0.0047,35.2,22.2,3,11,0,0,0,0
2023-11-10,7.0,0.3,11.3,0.0,0.0134,0.0243,0.45,0.0054,41.2,19.7,4,11,0,0,0,0
2023-11-11,5.8,-1.1,10.8,0.0,0.0217,0.0197,0.48,0.004,29.6,25.9,5,11,1,0,0,0
2023-11-12,7.7,3.7,12.3,0.0,0.0227,0.016,0.42,0.0063,39.3,19.9,6,11,1,0,0,0
2023-11-13,7.2,4.0,11.2,0.0,0.0082,0.0213,0.32,0.0042,17.1,10.1,0,11,0,0,0,0
2023-11-14,8.3,4.7,13.3,30.7,0.0198,0.013,0.44,0.0027,26.2,12.0,1,11,0,0,0,0
2023-11-15,4.7,1.4,8.3,0.0,0.0252,0.0237,0.48,0.0034,23.7,21.3,2,11,0,0,0,0
2023-11-16,4.8,1.0,9.2,0.0,0.0227,0.0148,0.5,0.0036,16.0,8.3,3,11,0,0,0,0
2023-11-17,4.6,-0.7,9.9,0.0,0.0334,0.0259,0.43,0.0046,20.9,12.2,4,11,0,0,0,0
2023-11-18,7.0,0.4,11.7,0.0,0.0295,0.0183,0.27,0.0031,31.2,23.2,5,11,1,0,0,0
2023-11-19,8.4,3.2,14.7,24.5,0.0307,0.0266,0.33,0.0037,15.3,11.3,6,11,1,0,0,0
2023-11-20,4.4,-1.1,8.4,0.0,0.0368,0.0135,0.61,0.0038,34.8,18.9,0,11,0,0,0,0
2023-11-21,4.4,0.5,11.2,0.0,0.0245,0.0161,0.36,0.0036,15.4,14.0,1,11,0,0,0,0
2023-11-22,5.7,-0.5,11.9,0.0,0.021,0.0224,0.56,0.0048,12.6,19.6,2,11,0,0,0,0
2023-11-23,4.6,-0.9,11.4,18.7,0.0258,0.0271,0.38,0.0046,37.8,22.4,3,11,0,0,0,0
2023-11-24,6.9,0.4,13.2,0.0,0.0166,0.0301,0.44,0.0052,40.2,22.7,4,11,0,0,0,0
2023-11-25,0.4,-6.4,4.0,0.0,0.0226,0.0203,0.5,0.0037,22.8,13.4,5,11,1,0,0,0
2023-11-26,3.2,-1.2,8.3,0.0,0.0181,0.0311,0.38,0.0052,32.4,24.4,6,11,1,0,0,0
2023-11-27,3.2,-0.2,6.9,6.9,0.0224,0.0183,0.58,0.0026,39.4,18.7,0,11,0,0,0,0
2023-11-28,0.1,-3.9,6.3,5.0,0.0161,0.0266,0.46,0.0026,34.8,17.7,1,11,0,0,0,0
2023-11-29,2.7,-2.0,8.0,0.0,0.0159,0.0143,0.49,0.0028,34.3,11.2,2,11,0,0,0,0
2023-11-30,2.7,-4.0,6.8,6.7,0.0225,0.0225,0.43,0.004,40.6,16.4,3,11,0,0,0,0
2023-12-01,4.1,-0.4,10.8,0.0,0.0192,0.006,0.5,0.0052,26.7,12.1,4,12,0,0,0,0
2023-12-02,6.7,0.6,10.1,0.0,0.0104,0.0133,0.58,0.0034,33.7,18.3,5,12,1,0,0,0
2023-12-03,3.9,-1.2,9.2,8.0,0.0133,0.0228,0.44,0.0035,30.7,25.7,6,12,1,0,0,0
2023-12-04,2.3,-1.4,8.2,34.0,0.0131,0.0122,0.59,0.0038,19.4,13.3,0,12,0,0,0,0
2023-12-05,4.2,-0.1,7.4,0.0,0.0147,0.0226,0.4,0.0046,30.5,12.2,1,12,0,0,0,0
2023-12-06,6.4,0.8,11.8,4.9,0.0225,0.0255,0.51,0.0035,33.1,14.6,2,12,0,0,0,0
2023-12-07,2.3,-3.4,8.6,0.0,0.0213,0.0171,0.49,0.0035,34.6,25.9,3,12,0,0,0,0
2023-12-08,2.4,-2.4,5.7,0.0,0.0264,0.0143,0.36,0.0027,25.0,19.4,4,12,0,0,0,0
2023-12-09,5.3,1.4,10.3,0.0,0.0265,0.0173,0.47,0.0034,41.9,23.2,5,12,1,0,0,0
2023-12-10,3.7,-2.2,7.7,0.0,0.0284,0.0144,0.45,0.0052,26.0,12.1,6,12,1,0,0,0
2023-12-11,5.4,1.7,11.1,0.0,0.0237,0.0197,0.38,0.0041,33.0,23.8,0,12,0,0,0,0
2023-12-12,4.1,-2.7,7.5,0.0,0.0213,0.0209,0.48,0.0033,32.5,12.9,1,12,0,0,0,0
2023-12-13,5.5,1.7,12.2,16.7,0.0266,0.0186,0.46,0.0052,32.7,19.9,2,12,0,0,0,0
2023-12-14,2.0,-1.5,8.6,0.0,0.0255,0.0305,0.44,0.0034,16.4,20.4,3,12,0,0,0,0
2023-12-15,4.0,-1.0,7.8,0.0,0.0223,0.0162,0.44,0.0054,43.7,25.1,4,12,0,0,0,0
2023-12-16,3.6,-1.5,7.9,0.0,0.0296,0.0289,0.44,0.0054,29.8,12.5,5,12,1,0,0,0
2023-12-17,1.6,-3.5,6.9,0.0,0.0079,0.0144,0.42,0.0041,47.0,27.9,6,12,1,0,0,0
2023-12-18,0.9,-3.9,6.7,0.0,0.0183,0.0212,0.46,0.0025,31.9,15.2,0,12,0,0,0,0
2023-12-19,5.4,-1.6,10.1,16.2,0.0182,0.0279,0.4,0.0063,30.3,9.7,1,12,0,0,0,0
2023-12-20,3.3,-1.6,6.9,37.3,0.0269,0.0277,0.66,0.0044,40.7,25.9,2,12,0,0,0,0
2023-12-21,2.0,-3.0,5.4,31.1,0.0294,0.0185,0.34,0.0037,23.3,18.4,3,12,0,0,0,0
2023-12-22,3.8,-0.9,10.8,0.0,0.0113,0.0244,0.4,0.005,48.0,24.8,4,12,0,0,0,0
2023-12-23,6.3,3.0,11.1,11.6,0.0305,0.0237,0.41,0.0047,33.3,16.4,5,12,1,0,0,0
2023-12-24,-0.5,-5.9,6.0,0.0,0.015,0.018,0.61,0.0053,41.0,17.7,6,12,1,0,0,0
2023-12-25,1.0,-2.9,6.0,0.6,0.0132,0.0251,0.34,0.0033,37.8,20.0,0,12,0,1,0,0
2023-12-26,2.2,-3.3,8.9,0.0,0.0186,0.0327,0.48,0.0043,45.2,22.0,1,12,0,0,0,0
2023-12-27,7.0,3.8,10.4,0.0,0.0181,0.0245,0.47,0.0028,31.5,12.3,2,12,0,0,0,0
2023-12-28,4.7,-2.3,8.1,0.0,0.0106,0.0251,0.48,0.0047,29.0,25.4,3,12,0,0,0,0
2023-12-29,5.7,0.8,12.4,0.0,0.0239,0.0259,0.55,0.004,32.3,20.1,4,12,0,0,0,0
2023-12-30,1.9,-4.7,8.7,0.0,0.0261,0.0132,0.55,0.0043,39.1,24.4,5,12,1,0,0,0
2023-12-31,1.9,-3.0,6.2,0.0,0.0283,0.0249,0.41,0.0039,36.4,24.4,6,12,1,0,0,0
